Item ID,Item Name,SKU,HSN/SAC,Is Tax Calculated on Label Price,Description,Rate,Account,Account Code,Taxable,Exemption Reason,Taxability Type,Product Type,Intra State Tax Name,Intra State Tax Rate,Intra State Tax Type,Inter State Tax Name,Inter State Tax Rate,Inter State Tax Type,Source,Reference ID,Last Sync Time,Status,Usage unit,Unit Name,Purchase Rate,Purchase Account,Purchase Account Code,Purchase Description,Inventory Account,Inventory Account Code,Inventory Valuation Method,Reorder Point,Vendor,Opening Stock,Opening Stock Value,Stock On Hand,Item Type,Sellable,Purchasable,Track Inventory,Is Combo Product
1734477000000082387,Led Token Display,,,FALSE,,INR 3200.00,Sales,,true,,,goods,GST18,18.000000,Group,IGST18,18.000000,Simple,2,,,Active,,,INR 0.00,,,,,,,,,,,,Sales,true,false,false,false
1734477000000082425,Flat Cables,,,FALSE,,INR 3.00,Sales,,true,,,goods,GST18,18.000000,Group,IGST18,18.000000,Simple,2,,,Active,,,INR 0.00,,,,,,,,,,,,Sales,true,false,false,false
1734477000000082459,CANTEEN LED DISPLAY BAORD,,8531,FALSE,,INR 0.00,Sales,,true,,,goods,GST18,18.000000,Group,IGST18,18.000000,Simple,2,,,Active,,,INR 0.00,,,,,,,,,,,,Sales,true,false,false,false
1734477000000082493,Hydraulic Press 5 in 1,,,FALSE,,INR 59500.00,Sales,,true,,,goods,GST18,18.000000,Group,IGST18,18.000000,Simple,2,,,Active,,,INR 51000.00,Cost of Goods Sold,,,Inventory Asset,,,,,,,,Sales and Purchases,true,true,false,false
1734477000000082527,Side Pilar Machine,,,FALSE,,INR 193000.00,Sales,,true,,,goods,GST18,18.000000,Group,IGST18,18.000000,Simple,2,,,Active,,,INR 0.00,,,,,,,,,,,,Sales,true,false,false,false
1734477000000082561,Led p10 red color board,,,FALSE,,INR 15000.00,Sales,,true,,,goods,GST18,18.000000,Group,IGST18,18.000000,Simple,2,,,Active,,,INR 0.00,,,,,,,,,,,,Sales,true,false,false,false
1734477000000082595,LED Acrylic Board,,,FALSE,,INR 33000.00,Sales,,true,,,goods,GST18,18.000000,Group,IGST18,18.000000,Simple,2,,,Active,,,INR 0.00,,,,,,,,,,,,Sales,true,false,false,false
1734477000000082629,LED STANDEE CABINET,,,FALSE,,INR 0.00,Sales,,true,,,goods,GST18,18.000000,Group,IGST18,18.000000,Simple,2,,,Active,NOS,,INR 0.00,,,,,,,,,,,,Sales,true,false,false,false
1734477000000082663,Jewellery Rate display Board,,,FALSE,,INR 4500.00,Sales,,true,,,goods,GST18,18.000000,Group,IGST18,18.000000,Simple,2,,,Active,,,INR 0.00,,,,,,,,,,,,Sales,true,false,false,false
1734477000000082697,Jewellery Rate Led Display Board,,,FALSE,,INR 7180.00,Sales,,true,,,goods,GST18,18.000000,Group,IGST18,18.000000,Simple,2,,,Active,,,INR 0.00,,,,,,,,,,,,Sales,true,false,false,false
1734477000000082719,JEWELLERY RATE LED  Display BOARD,,,FALSE,,INR 7180.00,Sales,,true,,,goods,GST18,18.000000,Group,IGST18,18.000000,Simple,2,,,Active,,,INR 0.00,,,,,,,,,,,,Sales,true,false,false,false
1734477000000082753,P-10 Led video board SMD Integrates 3 in 1 Outdoor Series,,,FALSE,,INR 449000.00,Sales,,true,,,goods,GST18,18.000000,Group,IGST18,18.000000,Simple,2,,,Active,,,INR 0.00,Cost of Goods Sold,,,Inventory Asset,,,,,,,,Sales and Purchases,true,true,false,false
1734477000000082775,LED Display Screen,,852800,FALSE,,INR 13000.00,Sales,,true,,,goods,GST18,18.000000,Group,IGST18,18.000000,Simple,2,,,Active,,,INR 0.00,,,,,,,,,,,,Sales,true,false,false,false
1734477000000103615,LED BASED DIGITAL DISPLAY BOARD,,,FALSE,,INR 4900.00,Sales,,true,,,goods,GST18,18.000000,Group,IGST18,18.000000,Simple,2,,,Active,,,INR 0.00,,,,,,,,,,,,Sales,true,false,false,false
1734477000000103624,Packing & Handling,,,FALSE,,INR 5000.00,Sales,,true,,,service,GST18,18.000000,Group,IGST18,18.000000,Simple,2,,,Active,,,INR 0.00,,,,,,,,,,,,Sales,true,false,false,false
1734477000000103633,Transportation,12,996800,FALSE,,INR 0.00,Sales,,true,,,service,GST18,18.000000,Group,IGST18,18.000000,Simple,2,,,Active,,,INR 0.00,,,,,,,,,,,,Sales,true,false,false,false
1734477000000103673,P10 led boards,,,FALSE,,INR 21200.00,Sales,,true,,,goods,GST18,18.000000,Group,IGST18,18.000000,Simple,2,,,Active,,,INR 0.00,,,,,,,,,,,,Sales,true,false,false,false
1734477000000103707,Iron Cabinet(4/3),,,FALSE,,INR 20000.00,Sales,,true,,,goods,GST18,18.000000,Group,IGST18,18.000000,Simple,2,,,Active,,,INR 0.00,,,,,,,,,,,,Sales,true,false,false,false
1734477000000103716,Packing&Handing,,,FALSE,,INR 1000.00,Sales,,true,,,service,GST18,18.000000,Group,IGST18,18.000000,Simple,2,,,Active,,,INR 0.00,,,,,,,,,,,,Sales,true,false,false,false
1734477000000103756,P8 Led Cabinets,,,FALSE,,INR 6800.00,Sales,,true,,,goods,GST18,18.000000,Group,IGST18,18.000000,Simple,2,,,Active,,,INR 0.00,,,,,,,,,,,,Sales,true,false,false,false
1734477000000103790,3 Controller Card,,,FALSE,,INR 400.00,Sales,,true,,,goods,GST18,18.000000,Group,IGST18,18.000000,Simple,2,,,Inactive,,,INR 0.00,,,,,,,,,,,,Sales,true,false,false,false
1734477000000103824,P8 Modual,,,FALSE,,INR 225.00,Sales,,true,,,goods,GST18,18.000000,Group,IGST18,18.000000,Simple,2,,,Active,,,INR 0.00,,,,,,,,,,,,Sales,true,false,false,false
1734477000000103833,Flat Cable,,,FALSE,,INR 5.00,Sales,,true,,,goods,GST18,18.000000,Group,IGST18,18.000000,Simple,2,,,Active,,,INR 0.00,,,,,,,,,,,,Sales,true,false,false,false
1734477000000103870,P10 Led Display Screen,13,85310000,FALSE,,INR 0.00,Sales,,true,,,goods,GST18,18.000000,Group,IGST18,18.000000,Simple,2,,,Active,NOS,,INR 0.00,,,,,,,,,,,,Sales,true,false,false,false
1734477000000103904,Led Display Board(18/24inch) with sensor include and Dual Side,,,FALSE,,INR 16200.00,Sales,,true,,,goods,GST18,18.000000,Group,IGST18,18.000000,Simple,2,,,Active,,,INR 0.00,,,,,,,,,,,,Sales,true,false,false,false
1734477000000103913,Pole,,,FALSE,,INR 500.00,Sales,,true,,,goods,GST18,18.000000,Group,IGST18,18.000000,Simple,2,,,Active,,,INR 0.00,,,,,,,,,,,,Sales,true,false,false,false
1734477000000103938,Installation,,998736,FALSE,,INR 0.00,Sales,,true,,,goods,GST18,18.000000,Group,IGST18,18.000000,Simple,2,,,Active,NOS,,INR 0.00,,,,,,,,,,,,Sales,true,false,false,false
1734477000000103960,LED P10 Display 2 By 2,,,FALSE,,INR 12000.00,Sales,,true,,,goods,GST18,18.000000,Group,IGST18,18.000000,Simple,2,,,Active,,,INR 0.00,,,,,,,,,,,,Sales,true,false,false,false
1734477000000103969,Led Display Board(18/24inch)with Sensor and Dual Side,,,FALSE,,INR 16200.00,Sales,,true,,,goods,GST18,18.000000,Group,IGST18,18.000000,Simple,2,,,Active,,,INR 0.00,,,,,,,,,,,,Sales,true,false,false,false
1734477000000103994,Led cabinets 4 by 3,,,FALSE,,INR 12000.00,Sales,,true,,,goods,GST18,18.000000,Group,IGST18,18.000000,Simple,2,,,Active,,,INR 0.00,,,,,,,,,,,,Sales,true,false,false,false
1734477000000104016,HD Controller Card,,,FALSE,,INR 800.00,Sales,,true,,,goods,GST18,18.000000,Group,IGST18,18.000000,Simple,2,,,Active,,,INR 0.00,,,,,,,,,,,,Sales,true,false,false,false
1734477000000104038,Video Processor(Techon),,,FALSE,,INR 65000.00,Sales,,true,,,goods,GST18,18.000000,Group,IGST18,18.000000,Simple,2,,,Active,,,INR 0.00,,,,,,,,,,,,Sales,true,false,false,false
1734477000000104047,Screen Splitter,,,FALSE,,INR 4500.00,Sales,,true,,,goods,GST18,18.000000,Group,IGST18,18.000000,Simple,2,,,Active,,,INR 0.00,,,,,,,,,,,,Sales,true,false,false,false
1734477000000104056,Accessories & Connector,AC,8531,FALSE,,INR 800.00,Sales,,true,,,goods,GST18,18.000000,Group,IGST18,18.000000,Simple,2,,,Inactive,BOX,,INR 0.00,,,,,,,,,,,,Sales,true,false,false,false
1734477000000104065,Cable (Dlink Brand)100M K6,,,FALSE,,INR 1800.00,Sales,,true,,,goods,GST18,18.000000,Group,IGST18,18.000000,Simple,2,,,Active,,,INR 0.00,,,,,,,,,,,,Sales,true,false,false,false
1734477000000104108,Led Display Board(6-4),,,FALSE,,INR 10000.00,Sales,,true,,,goods,GST18,18.000000,Group,IGST18,18.000000,Simple,2,,,Active,,,INR 0.00,,,,,,,,,,,,Sales,true,false,false,false
1734477000000104142,Led display Board,,8531200,FALSE,,INR 0.00,Sales,,true,,,goods,GST18,18.000000,Group,IGST18,18.000000,Simple,2,,,Active,NOS,,INR 0.00,,,,,,,,,,,,Sales,true,false,false,false
1734477000000104164,Led Display Board (5/1),,,FALSE,,INR 2200.00,Sales,,true,,,goods,GST18,18.000000,Group,IGST18,18.000000,Simple,2,,,Active,,,INR 0.00,,,,,,,,,,,,Sales,true,false,false,false
1734477000000104198,LED Video Wall Cabinets (5 by 8),,,FALSE,,INR 13000.00,Sales,,true,,,goods,GST18,18.000000,Group,IGST18,18.000000,Simple,2,,,Active,,,INR 0.00,,,,,,,,,,,,Sales,true,false,false,false
1734477000000104257,P10 Red Led Module,,,FALSE,,INR 365.00,Sales,,true,,,goods,GST18,18.000000,Group,IGST18,18.000000,Simple,2,,,Active,,,INR 0.00,,,,,,,,,,,,Sales,true,false,false,false
1734477000000104266,LED Supply,,,FALSE,,INR 750.00,Sales,,true,,,goods,GST18,18.000000,Group,IGST18,18.000000,Simple,2,,,Active,,,INR 0.00,,,,,,,,,,,,Sales,true,false,false,false
1734477000000104303,Led Display Board (2/2)Red and white,,,FALSE,,INR 11000.00,Sales,,true,,,goods,GST18,18.000000,Group,IGST18,18.000000,Simple,2,,,Active,,,INR 0.00,,,,,,,,,,,,Sales,true,false,false,false
1734477000000104337,Led Display Board(2/2) Red and white,,,FALSE,,INR 11000.00,Sales,,true,,,goods,GST18,18.000000,Group,IGST18,18.000000,Simple,2,,,Active,,,INR 0.00,,,,,,,,,,,,Sales,true,false,false,false
1734477000000104359,Led Display Board(5/1)red,,,FALSE,,INR 1000.00,Sales,,true,,,goods,GST18,18.000000,Group,IGST18,18.000000,Simple,2,,,Active,,,INR 0.00,,,,,,,,,,,,Sales,true,false,false,false
1734477000000104393,Led Display Baord(4x1 Wifi ) Red,,,FALSE,,INR 1900.00,Sales,,true,,,goods,GST18,18.000000,Group,IGST18,18.000000,Simple,2,,,Active,,,INR 0.00,,,,,,,,,,,,Sales,true,false,false,false
1734477000000104427,JEWELLERY DISPLAY BOARD,,,FALSE,,INR 3500.00,Sales,,true,,,goods,GST18,18.000000,Group,IGST18,18.000000,Simple,2,,,Active,,,INR 0.00,,,,,,,,,,,,Sales,true,false,false,false
1734477000000104436,PACKING,,998540,FALSE,,INR 0.00,Sales,,true,,,goods,GST18,18.000000,Group,IGST18,18.000000,Simple,2,,,Active,NOS,,INR 0.00,,,,,,,,,,,,Sales,true,false,false,false
1734477000000104445,PRINTING,,,FALSE,,INR 250.00,Sales,,true,,,goods,GST18,18.000000,Group,IGST18,18.000000,Simple,2,,,Active,,,INR 0.00,,,,,,,,,,,,Sales,true,false,false,false
1734477000000104473,Power Supply (40m 5v),,,FALSE,,INR 770.00,Sales,,true,,,goods,GST18,18.000000,Group,IGST18,18.000000,Simple,2,,,Active,,,INR 0.00,,,,,,,,,,,,Sales,true,false,false,false
1734477000000104507,Online Advertising Space,,,FALSE,,INR 5500.00,Sales,,true,,,goods,GST18,18.000000,Group,IGST18,18.000000,Simple,2,,,Active,,,INR 0.00,,,,,,,,,,,,Sales,true,false,false,false
1734477000000104541,Iron Safety Machine,,,FALSE,,INR 40000.00,Sales,,true,,,goods,GST18,18.000000,Group,IGST18,18.000000,Simple,2,,,Active,,,INR 0.00,,,,,,,,,,,,Sales,true,false,false,false
1734477000000104575,P10 Red Modules Outdoor TechonP-10,,,FALSE,,INR 644.00,Sales,,true,,,goods,GST18,18.000000,Group,IGST18,18.000000,Simple,2,,,Active,,,INR 0.00,,,,,,,,,,,,Sales,true,false,false,false
1734477000000104597,P10  Red Led Module,,,FALSE,,INR 365.00,Sales,,true,,,goods,GST18,18.000000,Group,IGST18,18.000000,Simple,2,,,Active,,,INR 0.00,,,,,,,,,,,,Sales,true,false,false,false
1734477000000104631,LED DISPLAY BOARD (6/1.5),,,FALSE,,INR 2000.00,Sales,,true,,,goods,GST18,18.000000,Group,IGST18,18.000000,Simple,2,,,Active,,,INR 0.00,,,,,,,,,,,,Sales,true,false,false,false
1734477000000104665,Providing and  fixing Led Signage for Hyatt,,,FALSE,,INR 60000.00,Sales,,true,,,goods,GST18,18.000000,Group,IGST18,18.000000,Simple,2,,,Active,,,INR 0.00,,,,,,,,,,,,Sales,true,false,false,false
1734477000000104674,Taping of Signage,,,FALSE,,INR 10000.00,Sales,,true,,,goods,GST18,18.000000,Group,IGST18,18.000000,Simple,2,,,Active,,,INR 0.00,,,,,,,,,,,,Sales,true,false,false,false
1734477000000104711,SS LETTER,,,FALSE,,INR 0.00,Sales,,true,,,goods,GST18,18.000000,Group,IGST18,18.000000,Simple,2,,,Active,INC,,INR 0.00,,,,,,,,,,,,Sales,true,false,false,false
1734477000000104745,LED DISPLAY BOARD(3/1),,,FALSE,,INR 6000.00,Sales,,true,,,goods,GST18,18.000000,Group,IGST18,18.000000,Simple,2,,,Active,,,INR 0.00,,,,,,,,,,,,Sales,true,false,false,false
1734477000000104779,IRON CABINET(3/1),,,FALSE,,INR 1600.00,Sales,,true,,,goods,GST18,18.000000,Group,IGST18,18.000000,Simple,2,,,Active,,,INR 0.00,,,,,,,,,,,,Sales,true,false,false,false
1734477000000104788,40M 5V SUPPLY,,,FALSE,,INR 1050.00,Sales,,true,,,goods,GST18,18.000000,Group,IGST18,18.000000,Simple,2,,,Inactive,,,INR 0.00,,,,,,,,,,,,Sales,true,false,false,false
1734477000000104797,RED LED MODULE,,,FALSE,,INR 395.00,Sales,,true,,,goods,GST18,18.000000,Group,IGST18,18.000000,Simple,2,,,Active,,,INR 0.00,,,,,,,,,,,,Sales,true,false,false,false
1734477000000104806,LED CONTROLLER CARD,,852910,FALSE,,INR 0.00,Sales,,true,,,goods,GST18,18.000000,Group,IGST18,18.000000,Simple,2,,,Active,NOS,,INR 0.00,,,,,,,,,,,,Sales,true,false,false,false
1734477000000104837,P10 SMD Module,,,FALSE,,INR 980.00,Sales,,true,,,goods,GST18,18.000000,Group,IGST18,18.000000,Simple,2,,,Active,,,INR 0.00,,,,,,,,,,,,Sales,true,false,false,false
1734477000000104859,IRON SHEET BOARD BOX,,,FALSE,,INR 6500.00,Sales,,true,,,goods,GST18,18.000000,Group,IGST18,18.000000,Simple,2,,,Active,,,INR 0.00,,,,,,,,,,,,Sales,true,false,false,false
1734477000000104881,FIRE EXIT LED SIGNAGE,,,FALSE,,INR 2300.00,Sales,,true,,,goods,GST18,18.000000,Group,IGST18,18.000000,Simple,2,,,Active,,,INR 0.00,,,,,,,,,,,,Sales,true,false,false,false
1734477000000104903,HI VOLTAGE SIGNAGE ON MS PLANT,,,FALSE,,INR 350.00,Sales,,true,,,goods,GST18,18.000000,Group,IGST18,18.000000,Simple,2,,,Active,,,INR 0.00,,,,,,,,,,,,Sales,true,false,false,false
1734477000000104912,FIRE EXIT SELF GLOW ON ACP SHEET,,,FALSE,,INR 500.00,Sales,,true,,,goods,GST18,18.000000,Group,IGST18,18.000000,Simple,2,,,Active,,,INR 0.00,,,,,,,,,,,,Sales,true,false,false,false
1734477000000104949,LED MODULE,,,FALSE,,INR 1600.00,Sales,,true,,,goods,GST18,18.000000,Group,IGST18,18.000000,Simple,2,,,Active,,,INR 0.00,,,,,,,,,,,,Sales,true,false,false,false
1734477000000104983,Led Display Board Red (4/1),,,FALSE,,INR 9000.00,Sales,,true,,,goods,GST18,18.000000,Group,IGST18,18.000000,Simple,2,,,Active,,,INR 0.00,,,,,,,,,,,,Sales,true,false,false,false
1734477000000104992,Orange Led Module,,,FALSE,,INR 595.00,Sales,,true,,,goods,GST18,18.000000,Group,IGST18,18.000000,Simple,2,,,Active,,,INR 0.00,,,,,,,,,,,,Sales,true,false,false,false
1734477000000105029,LED programmable display board,,8531,FALSE,,INR 0.00,Sales,,true,,,goods,GST18,18.000000,Group,IGST18,18.000000,Simple,2,,,Active,NOS,,INR 0.00,,,,,,,,,,,,Sales,true,false,false,false
1734477000000105051,HYATT SIGNAGAE LED Replacement,,,FALSE,,INR 1100.00,Sales,,true,,,goods,GST18,18.000000,Group,IGST18,18.000000,Simple,2,,,Active,,,INR 0.00,,,,,,,,,,,,Sales,true,false,false,false
1734477000000105060,Hyatt Letter Replace,,,FALSE,,INR 3500.00,Sales,,true,,,goods,GST18,18.000000,Group,IGST18,18.000000,Simple,2,,,Active,,,INR 0.00,,,,,,,,,,,,Sales,true,false,false,false
1734477000000105097,7.5 Kva Solar PCU Smarten,,,FALSE,,INR 55000.00,Sales,,true,,,goods,GST18,18.000000,Group,IGST18,18.000000,Simple,2,,,Inactive,,,INR 0.00,,,,,,,,,,,,Sales,true,false,false,false
1734477000000105131,Controller Card USB,,,FALSE,,INR 1865.00,Sales,,true,,,goods,GST18,18.000000,Group,IGST18,18.000000,Simple,2,,,Active,,,INR 0.00,,,,,,,,,,,,Sales,true,false,false,false
1734477000000105165,P10 Red Modules,,,FALSE,,INR 260.00,Sales,,true,,,goods,GST18,18.000000,Group,IGST18,18.000000,Simple,2,,,Active,,,INR 0.00,,,,,,,,,,,,Sales,true,false,false,false
1734477000000105174,P10 White Module,,,FALSE,,INR 380.00,Sales,,true,,,goods,GST18,18.000000,Group,IGST18,18.000000,Simple,2,,,Active,,,INR 0.00,,,,,,,,,,,,Sales,true,false,false,false
1734477000000105199,Solar Power Generating System Battery & Solar Panel,,,FALSE,,INR 21500.00,Sales,,true,,,goods,GST18,18.000000,Group,IGST18,18.000000,Simple,2,,,Active,,,INR 0.00,,,,,,,,,,,,Sales,true,false,false,false
1734477000000105221,Courier Charges,,,FALSE,,INR 1400.00,Sales,,true,,,goods,GST18,18.000000,Group,IGST18,18.000000,Simple,2,,,Active,,,INR 0.00,,,,,,,,,,,,Sales,true,false,false,false
1734477000000105243,LED DISPLAY BOARD,,853100,FALSE,,INR 1500.00,Sales,,true,,,goods,GST18,18.000000,Group,IGST18,18.000000,Simple,2,,,Active,,,INR 0.00,,,,,,,,,,,,Sales,true,false,false,false
1734477000000105277,LED MODULE ECO,,,FALSE,,INR 10.00,Sales,,true,,,goods,GST18,18.000000,Group,IGST18,18.000000,Simple,2,,,Active,,,INR 0.00,,,,,,,,,,,,Sales,true,false,false,false
1734477000000105299,Iron Machine,,,FALSE,,INR 40000.00,Sales,,true,,,goods,GST18,18.000000,Group,IGST18,18.000000,Simple,2,,,Active,,,INR 0.00,,,,,,,,,,,,Sales,true,false,false,false
1734477000000105321,Led Modules,,,FALSE,,INR 21000.00,Sales,,true,,,goods,GST18,18.000000,Group,IGST18,18.000000,Simple,2,,,Active,,,INR 0.00,,,,,,,,,,,,Sales,true,false,false,false
1734477000000105355,Led Writing Board with stand,,,FALSE,,INR 8700.00,Sales,,true,,,goods,GST18,18.000000,Group,IGST18,18.000000,Simple,2,,,Active,,,INR 0.00,,,,,,,,,,,,Sales,true,false,false,false
1734477000000105364,"Transportation , Packing  and Engg.",,996800,FALSE,,INR 0.00,Sales,,true,,,goods,GST18,18.000000,Group,IGST18,18.000000,Simple,2,,,Active,,,INR 0.00,,,,,,,,,,,,Sales,true,false,false,false
1734477000000105373,complementary Marker free,,,FALSE,,INR 0.00,Sales,,true,,,goods,GST18,18.000000,Group,IGST18,18.000000,Simple,2,,,Active,,,INR 0.00,,,,,,,,,,,,Sales,true,false,false,false
1734477000000105413,P10 Led Screen (6x8),,,FALSE,,INR 4000.00,Sales,,true,,,goods,GST18,18.000000,Group,IGST18,18.000000,Simple,2,,,Active,,,INR 0.00,,,,,,,,,,,,Sales,true,false,false,false
1734477000000105447,P10 Red Color Led Module,,,FALSE,,INR 642.37,Sales,,true,,,goods,GST18,18.000000,Group,IGST18,18.000000,Simple,2,,,Active,,,INR 0.00,,,,,,,,,,,,Sales,true,false,false,false
1734477000000105469,ACRYLIC LETTERS SIGN BOARD,,940500,FALSE,,INR 0.00,Sales,,true,,,goods,GST18,18.000000,Group,IGST18,18.000000,Simple,2,,,Inactive,NOS,,INR 0.00,,,,,,,,,,,,Sales,true,false,false,false
1734477000000105503,IRON BOARD BOX,,,FALSE,,INR 0.00,Sales,,true,,,goods,GST18,18.000000,Group,IGST18,18.000000,Simple,2,,,Active,,,INR 0.00,Cost of Goods Sold,,,Inventory Asset,,,,,,,,Sales and Purchases,true,true,false,false
1734477000000105537,P10 Red led Module,,,FALSE,,INR 375.00,Sales,,true,,,goods,GST18,18.000000,Group,IGST18,18.000000,Simple,2,,,Active,,,INR 0.00,,,,,,,,,,,,Sales,true,false,false,false
1734477000000105546,Temprature  And Humidity Sensor,,,FALSE,,INR 1500.00,Sales,,true,,,goods,GST18,18.000000,Group,IGST18,18.000000,Simple,2,,,Active,NOS,,INR 0.00,,,,,,,,,,,,Sales,true,false,false,false
1734477000000105571,LED DISPLAY BOARD MULTICOLOR (3*1),,,FALSE,,INR 8262.00,Sales,,true,,,goods,GST18,18.000000,Group,IGST18,18.000000,Simple,2,,,Active,,,INR 0.00,,,,,,,,,,,,Sales,true,false,false,false
1734477000000105580,Controller cards,,,FALSE,,INR 10000.00,Sales,,true,,,goods,GST18,18.000000,Group,IGST18,18.000000,Simple,2,,,Active,,,INR 0.00,,,,,,,,,,,,Sales,true,false,false,false
1734477000000105605,P10 Led Modules Red,,,FALSE,,INR 370.00,Sales,,true,,,goods,GST18,18.000000,Group,IGST18,18.000000,Simple,2,,,Active,,,INR 0.00,,,,,,,,,,,,Sales,true,false,false,false
1734477000000105614,P10 Led Modules White,,,FALSE,,INR 470.00,Sales,,true,,,goods,GST18,18.000000,Group,IGST18,18.000000,Simple,2,,,Active,,,INR 0.00,,,,,,,,,,,,Sales,true,false,false,false
1734477000000105639,P10 RED LED MODULE,,,FALSE,,INR 185.00,Sales,,true,,,goods,GST18,18.000000,Group,IGST18,18.000000,Simple,2,,,Active,,,INR 0.00,,,,,,,,,,,,Sales,true,false,false,false
1734477000000105661,P6 SMD OUTDOOR VIEDO WALL,,,FALSE,,INR 4800.00,Sales,,true,,,goods,GST18,18.000000,Group,IGST18,18.000000,Simple,2,,,Active,,,INR 0.00,,,,,,,,,,,,Sales,true,false,false,false
1734477000000105670,Processor/LED Controller,,853100,FALSE,,INR 0.00,Sales,,true,,,goods,GST18,18.000000,Group,IGST18,18.000000,Simple,2,,,Active,,,INR 0.00,,,,,,,,,,,,Sales,true,false,false,false
1734477000000105679,Packing and Loading,,,FALSE,,INR 1000.00,Sales,,true,,,goods,GST18,18.000000,Group,IGST18,18.000000,Simple,2,,,Active,,,INR 0.00,,,,,,,,,,,,Sales,true,false,false,false
1734477000000105722,3 Token Display Unit | Bell Based Token Display,,,FALSE,,INR 3813.56,Sales,,true,,,goods,GST18,18.000000,Group,IGST18,18.000000,Simple,2,,,Active,,,INR 0.00,,,,,,,,,,,,Sales,true,false,false,false
1734477000000105756,3 Token Display Unit | Bell Based Token Display Unit Queue Management System for Banks Hospitals Restaurant etc | B01N7KSB6V ( Techon-TDS ),,,FALSE,,INR 6771.19,Sales,,true,,,goods,GST18,18.000000,Group,IGST18,18.000000,Simple,2,,,Inactive,,,INR 0.00,,,,,,,,,,,,Sales,true,false,false,false
1734477000000105790,Led  Iron Cabinet 6 by1,,,FALSE,,INR 3100.00,Sales,,true,,,goods,GST18,18.000000,Group,IGST18,18.000000,Simple,2,,,Active,,,INR 0.00,,,,,,,,,,,,Sales,true,false,false,false
1734477000000105824,Jewellery board,,,FALSE,,INR 1000.00,Sales,,true,,,goods,GST18,18.000000,Group,IGST18,18.000000,Simple,2,,,Active,,,INR 0.00,,,,,,,,,,,,Sales,true,false,false,false
1734477000000105858,Maintenance  And Service,,,FALSE,,INR 2500.00,Sales,,true,,,goods,GST18,18.000000,Group,IGST18,18.000000,Simple,2,,,Active,,,INR 0.00,,,,,,,,,,,,Sales,true,false,false,false
1734477000000105892,3 Token Display Unit,,,FALSE,,INR 6771.19,Sales,,true,,,goods,GST18,18.000000,Group,IGST18,18.000000,Simple,2,,,Inactive,,,INR 0.00,,,,,,,,,,,,Sales,true,false,false,false
1734477000000105914,Solar Power Generation System,,,FALSE,,INR 4000.00,Sales,,true,,,goods,GST18,18.000000,Group,IGST18,18.000000,Simple,2,,,Active,,,INR 0.00,,,,,,,,,,,,Sales,true,false,false,false
1734477000000105936,Speed Limit Signage on ACP,,,FALSE,,INR 680.00,Sales,,true,,,goods,GST18,18.000000,Group,IGST18,18.000000,Simple,2,,,Active,,,INR 0.00,,,,,,,,,,,,Sales,true,false,false,false
1734477000000105958,STAIR CASE SIGNAGE ON ACP,,,FALSE,,INR 680.00,Sales,,true,,,goods,GST18,18.000000,Group,IGST18,18.000000,Simple,2,,,Active,,,INR 0.00,,,,,,,,,,,,Sales,true,false,false,false
1734477000000105967,NO PARKING SIGNAGE ON ACP,,,FALSE,,INR 680.00,Sales,,true,,,goods,GST18,18.000000,Group,IGST18,18.000000,Simple,2,,,Active,,,INR 0.00,,,,,,,,,,,,Sales,true,false,false,false
1734477000000106004,Led Display Board,,853100,FALSE,,INR 25000.00,Sales,,true,,,goods,GST18,18.000000,Group,IGST18,18.000000,Simple,2,,,Active,NOS,,INR 0.00,,,,,,,,,,,,Sales,true,false,false,false
1734477000000106013,Led Display Board P10 (4/2),,,FALSE,,INR 15000.00,Sales,,true,,,goods,GST18,18.000000,Group,IGST18,18.000000,Simple,2,,,Active,,,INR 0.00,,,,,,,,,,,,Sales,true,false,false,false
1734477000000106050,Led Display Board (3/1),,,FALSE,,INR 7500.00,Sales,,true,,,goods,GST18,18.000000,Group,IGST18,18.000000,Simple,2,,,Active,,,INR 0.00,,,,,,,,,,,,Sales,true,false,false,false
1734477000000106084,CONTROLLER DEVICE,,,FALSE,,INR 1200.00,Sales,,true,,,goods,GST18,18.000000,Group,IGST18,18.000000,Simple,2,,,Active,NOS,,INR 0.00,,,,,,,,,,,,Sales,true,false,false,false
1734477000000106137,Led Display Board Red (6/1),,,FALSE,,INR 11000.00,Sales,,true,,,goods,GST18,18.000000,Group,IGST18,18.000000,Simple,2,,,Active,,,INR 0.00,,,,,,,,,,,,Sales,true,false,false,false
1734477000000106171,Service Charges,,998719,FALSE,,INR 0.00,Sales,,true,,,goods,GST18,18.000000,Group,IGST18,18.000000,Simple,2,,,Active,NOS,,INR 0.00,,,,,,,,,,,,Sales,true,false,false,false
1734477000000106205,LED INDIA USB Programmable Scrolling Text Message LED Display Red Color 10 Inch x 53 Inch | B074YXNVBY ( 6inch-63inch ),,,FALSE,,INR 12288.14,Sales,,true,,,goods,GST18,18.000000,Group,IGST18,18.000000,Simple,2,,,Active,,,INR 0.00,,,,,,,,,,,,Sales,true,false,false,false
1734477000000106227,P6 led Module,,,FALSE,,INR 1200.00,Sales,,true,,,goods,GST18,18.000000,Group,IGST18,18.000000,Simple,2,,,Active,,,INR 0.00,,,,,,,,,,,,Sales,true,false,false,false
1734477000000106236,Power Supply,,,FALSE,,INR 800.00,Sales,,true,,,goods,GST18,18.000000,Group,IGST18,18.000000,Simple,2,,,Active,,,INR 0.00,,,,,,,,,,,,Sales,true,false,false,false
1734477000000106245,Flat  Cable,,,FALSE,,INR 25.00,Sales,,true,,,goods,GST18,18.000000,Group,IGST18,18.000000,Simple,2,,,Active,,,INR 0.00,,,,,,,,,,,,Sales,true,false,false,false
1734477000000106254,Power Cable,,,FALSE,,INR 70.00,Sales,,true,,,goods,GST18,18.000000,Group,IGST18,18.000000,Simple,2,,,Active,,,INR 0.00,,,,,,,,,,,,Sales,true,false,false,false
1734477000000106297,P10 Red Color Led Module ( Outdoor ) | B071NF9M5V ( 0S-TBGU-N4FS ),,,FALSE,,INR 533.90,Sales,,true,,,goods,GST18,18.000000,Group,IGST18,18.000000,Simple,2,,,Active,,,INR 0.00,,,,,,,,,,,,Sales,true,false,false,false
1734477000000106306,Shipping Charges,,,FALSE,,INR 59.32,Sales,,true,,,goods,GST18,18.000000,Group,IGST18,18.000000,Simple,2,,,Active,,,INR 0.00,,,,,,,,,,,,Sales,true,false,false,false
1734477000000106343,LED DISPLAY BOARD T10(4/2),,,FALSE,,INR 21100.00,Sales,,true,,,goods,GST18,18.000000,Group,IGST18,18.000000,Simple,2,,,Active,,,INR 0.00,,,,,,,,,,,,Sales,true,false,false,false
1734477000000106377,SOLAR GRID TIE INVERTER,,,FALSE,,INR 61500.00,Sales,,true,,,goods,GST18,18.000000,Group,IGST18,18.000000,Simple,2,,,Active,,,INR 0.00,,,,,,,,,,,,Sales,true,false,false,false
1734477000000106411,3 Token Display Unit | Bell Based Token Display Unit Queue Management System for Banks Hospitals Restaurant etc,,,FALSE,,INR 6770.34,Sales,,true,,,goods,GST18,18.000000,Group,IGST18,18.000000,Simple,2,,,Active,,,INR 0.00,,,,,,,,,,,,Sales,true,false,false,false
1734477000000106458,P6 LED MODULE,,,FALSE,,INR 38000.00,Sales,,true,,,goods,GST18,18.000000,Group,IGST18,18.000000,Simple,2,,,Active,,,INR 0.00,,,,,,,,,,,,Sales,true,false,false,false
1734477000000106467,Hydraulic Press  2 In 1,,,FALSE,,INR 0.00,Sales,,true,,,goods,GST18,18.000000,Group,IGST18,18.000000,Simple,2,,,Active,,,INR 0.00,Cost of Goods Sold,,,Inventory Asset,,,,,,,,Sales and Purchases,true,true,false,false
1734477000000106504,VIDEO PROCESSSOR,,,FALSE,,INR 62500.00,Sales,,true,,,goods,GST18,18.000000,Group,IGST18,18.000000,Simple,2,,,Active,,,INR 0.00,,,,,,,,,,,,Sales,true,false,false,false
1734477000000106513,SENDING CARD,,,FALSE,,INR 8200.00,Sales,,true,,,goods,GST18,18.000000,Group,IGST18,18.000000,Simple,2,,,Active,,,INR 0.00,,,,,,,,,,,,Sales,true,false,false,false
1734477000000106522,LABOUR  CHARGE,,,FALSE,,INR 10000.00,Sales,,true,,,goods,GST18,18.000000,Group,IGST18,18.000000,Simple,2,,,Active,,,INR 0.00,,,,,,,,,,,,Sales,true,false,false,false
1734477000000106562,Toll Free IVR for 1 Year,,,FALSE,,INR 22000.00,Sales,,true,,,goods,GST18,18.000000,Group,IGST18,18.000000,Simple,2,,,Active,,,INR 0.00,,,,,,,,,,,,Sales,true,false,false,false
1734477000000106584,P4 Indoor Led Screen,,,FALSE,,INR 0.00,Sales,,true,,,goods,GST18,18.000000,Group,IGST18,18.000000,Simple,2,,,Active,SQF,,INR 0.00,,,,,,,,,,,,Sales,true,false,false,false
1734477000000106593,Display processor,,,FALSE,,INR 26500.00,Sales,,true,,,goods,GST18,18.000000,Group,IGST18,18.000000,Simple,2,,,Active,,,INR 0.00,,,,,,,,,,,,Sales,true,false,false,false
1734477000000106630,LED INDIA USB Programmable Scrolling Text Message LED Display Red Color 10 Inch x 53 Inch | B074YXNVBY ( 6inch-63inch,,,FALSE,,INR 12288.18,Sales,,true,,,goods,GST18,18.000000,Group,IGST18,18.000000,Simple,2,,,Active,,,INR 0.00,,,,,,,,,,,,Sales,true,false,false,false
1734477000000106664,P10 LED SCREEN  2 PACKS,,,FALSE,,INR 15000.00,Sales,,true,,,goods,GST18,18.000000,Group,IGST18,18.000000,Simple,2,,,Active,,,INR 0.00,,,,,,,,,,,,Sales,true,false,false,false
1734477000000106686,Vinly Logo Chang e,,,FALSE,,INR 2000.00,Sales,,true,,,goods,GST18,18.000000,Group,IGST18,18.000000,Simple,2,,,Active,,,INR 0.00,,,,,,,,,,,,Sales,true,false,false,false
1734477000000106708,LED MODUL E,,853100,FALSE,,INR 380.00,Sales,,true,,,goods,GST18,18.000000,Group,IGST18,18.000000,Simple,2,,,Active,,,INR 0.00,,,,,,,,,,,,Sales,true,false,false,false
1734477000000106730,TOTAM POLE,,940500,FALSE,,INR 0.00,Sales,,true,,,goods,GST18,18.000000,Group,IGST18,18.000000,Simple,2,,,Active,,,INR 0.00,,,,,,,,,,,,Sales,true,false,false,false
1734477000000106764,Led Letter Signage,,940560,FALSE,,INR 40000.00,Sales,,true,,,goods,GST18,18.000000,Group,IGST18,18.000000,Simple,2,,,Active,,,INR 0.00,,,,,,,,,,,,Sales,true,false,false,false
1734477000000106798,LED DISPLAY BOARD WHITE (8/1),,,FALSE,,INR 1875.00,Sales,,true,,,goods,GST18,18.000000,Group,IGST18,18.000000,Simple,2,,,Active,,,INR 0.00,,,,,,,,,,,,Sales,true,false,false,false
1734477000000106820,Led Iron Cabinet,,,FALSE,,INR 3200.00,Sales,,true,,,goods,GST18,18.000000,Group,IGST18,18.000000,Simple,2,,,Active,,,INR 0.00,,,,,,,,,,,,Sales,true,false,false,false
1734477000000106842,FIRE EXIT LED SIGNAGE BOTH,,,FALSE,,INR 2300.00,Sales,,true,,,goods,GST18,18.000000,Group,IGST18,18.000000,Simple,2,,,Active,,,INR 0.00,,,,,,,,,,,,Sales,true,false,false,false
1734477000000106876,P4 led Module indoor,,,FALSE,,INR 2397.46,Sales,,true,,,goods,GST18,18.000000,Group,IGST18,18.000000,Simple,2,,,Active,,,INR 0.00,,,,,,,,,,,,Sales,true,false,false,false
1734477000000106898,P10 RGB MODULE,,,FALSE,,INR 890.00,Sales,,true,,,goods,GST18,18.000000,Group,IGST18,18.000000,Simple,2,,,Active,,,INR 0.00,,,,,,,,,,,,Sales,true,false,false,false
1734477000000106920,LED WRITING BOARD  (3/2 ),,,FALSE,,INR 7200.00,Sales,,true,,,goods,GST18,18.000000,Group,IGST18,18.000000,Simple,2,,,Active,,,INR 0.00,,,,,,,,,,,,Sales,true,false,false,false
1734477000000106929,STAND,,9403,FALSE,,INR 0.00,Sales,,true,,,goods,GST18,18.000000,Group,IGST18,18.000000,Simple,2,,,Active,NOS,,INR 0.00,Cost of Goods Sold,,,Inventory Asset,,,,,,,,Sales and Purchases,true,true,false,false
1734477000000106938,TRANSPORTATION & PACKING,,,FALSE,,INR 1200.00,Sales,,true,,,goods,GST18,18.000000,Group,IGST18,18.000000,Simple,2,,,Active,,,INR 0.00,,,,,,,,,,,,Sales,true,false,false,false
1734477000000106979,LED WHITE BOARD(8*1),,,FALSE,,INR 15000.00,Sales,,true,,,goods,GST18,18.000000,Group,IGST18,18.000000,Simple,2,,,Active,,,INR 0.00,,,,,,,,,,,,Sales,true,false,false,false
1734477000000106988,FRIEGHT,,,FALSE,,INR 200.00,Sales,,true,,,goods,GST18,18.000000,Group,IGST18,18.000000,Simple,2,,,Active,,,INR 0.00,,,,,,,,,,,,Sales,true,false,false,false
1734477000000107025,Led P10 Outdoor Module red,,,FALSE,,INR 446.61,Sales,,true,,,goods,GST18,18.000000,Group,IGST18,18.000000,Simple,2,,,Active,,,INR 0.00,,,,,,,,,,,,Sales,true,false,false,false
1734477000000107062,Led Display Board P10 Red,,,FALSE,,INR 400.00,Sales,,true,,,goods,GST18,18.000000,Group,IGST18,18.000000,Simple,2,,,Active,,,INR 0.00,,,,,,,,,,,,Sales,true,false,false,false
1734477000000107071,Controller Card (USB),,,FALSE,,INR 500.00,Sales,,true,,,goods,GST18,18.000000,Group,IGST18,18.000000,Simple,2,,,Active,,,INR 0.00,,,,,,,,,,,,Sales,true,false,false,false
1734477000000107080,Controller Card (Wifi),,,FALSE,,INR 850.00,Sales,,true,,,goods,GST18,18.000000,Group,IGST18,18.000000,Simple,2,,,Active,,,INR 0.00,,,,,,,,,,,,Sales,true,false,false,false
1734477000000107089,SMPS,,,FALSE,,INR 950.00,Sales,,true,,,goods,GST18,18.000000,Group,IGST18,18.000000,Simple,2,,,Active,,,INR 0.00,,,,,,,,,,,,Sales,true,false,false,false
1734477000000107098,Shipping & handling,,,FALSE,,INR 1560.00,Sales,,true,,,goods,GST18,18.000000,Group,IGST18,18.000000,Simple,2,,,Active,,,INR 0.00,,,,,,,,,,,,Sales,true,false,false,false
1734477000000107132,LED MOVING DISPLAY BOARD RED (8*1),,,FALSE,,INR 20000.00,Sales,,true,,,goods,GST18,18.000000,Group,IGST18,18.000000,Simple,2,,,Active,,,INR 0.00,,,,,,,,,,,,Sales,true,false,false,false
1734477000000107141,PACKING AND DELIVERY,,,FALSE,,INR 3500.00,Sales,,true,,,goods,GST18,18.000000,Group,IGST18,18.000000,Simple,2,,,Active,,,INR 0.00,,,,,,,,,,,,Sales,true,false,false,false
1734477000000107178,3 Token Display Unit 1 Bell Based Token Display Unit,,,FALSE,,INR 6770.34,Sales,,true,,,goods,GST18,18.000000,Group,IGST18,18.000000,Simple,2,,,Active,,,INR 0.00,,,,,,,,,,,,Sales,true,false,false,false
1734477000000107212,White Led Display Board - 6 inch by 3 ft,,,FALSE,,INR 5932.00,Sales,,true,,,goods,GST18,18.000000,Group,IGST18,18.000000,Simple,2,,,Active,,,INR 0.00,,,,,,,,,,,,Sales,true,false,false,false
1734477000000107234,LED DISPLAY  BOARD P10 RED,,8531,FALSE,,INR 0.00,Sales,,true,,,goods,GST18,18.000000,Group,IGST18,18.000000,Simple,2,,,Active,NOS,,INR 0.00,,,,,,,,,,,,Sales,true,false,false,false
1734477000000107268,3 STANDEE WITH PRINTING,,,FALSE,,INR 3150.00,Sales,,true,,,goods,GST18,18.000000,Group,IGST18,18.000000,Simple,2,,,Inactive,,,INR 0.00,,,,,,,,,,,,Sales,true,false,false,false
1734477000000107277,DELIVERY,,,FALSE,,INR 250.00,Sales,,true,,,goods,GST18,18.000000,Group,IGST18,18.000000,Simple,2,,,Active,,,INR 0.00,,,,,,,,,,,,Sales,true,false,false,false
1734477000000107314,P10 Red Color Led Module ( Outdoor ) | B071NF9M5V ( WC-1D39-YDFI ),,,FALSE,,INR 446.61,Sales,,true,,,goods,GST18,18.000000,Group,IGST18,18.000000,Simple,2,,,Active,,,INR 0.00,,,,,,,,,,,,Sales,true,false,false,false
1734477000000107379,Digital Display Board,,,FALSE,,INR 20000.00,Sales,,true,,,goods,GST18,18.000000,Group,IGST18,18.000000,Simple,2,,,Active,,,INR 0.00,,,,,,,,,,,,Sales,true,false,false,false
1734477000000107404,Led Display Board With Remote  For Buses,,853100,FALSE,,INR 200.00,Sales,,true,,,goods,GST18,18.000000,Group,IGST18,18.000000,Simple,2,,,Active,NOS,,INR 0.00,,,,,,,,,,,,Sales,true,false,false,false
1734477000000107440,Led Module P10 Blue,,,FALSE,,INR 0.00,Sales,,true,,,goods,GST18,18.000000,Group,IGST18,18.000000,Simple,2,,,Active,NOS,,INR 0.00,,,,,,,,,,,,Sales,true,false,false,false
1734477000000107462,Token Display LED DISPLAY,,8531,FALSE,,INR 0.00,Sales,,true,,,goods,GST18,18.000000,Group,IGST18,18.000000,Simple,2,,,Active,NOS,,INR 0.00,,,,,,,,,,,,Sales,true,false,false,false
1734477000000107496,P10 RED LED MODULES,,,FALSE,,INR 420.00,Sales,,true,,,goods,GST18,18.000000,Group,IGST18,18.000000,Simple,2,,,Active,,,INR 0.00,,,,,,,,,,,,Sales,true,false,false,false
1734477000000107530,Shipping,,,FALSE,,INR 42.38,Sales,,true,,,goods,GST18,18.000000,Group,IGST18,18.000000,Simple,2,,,Active,,,INR 0.00,,,,,,,,,,,,Sales,true,false,false,false
1734477000000107595,Flex Banner,,,FALSE,,INR 1250.00,Sales,,true,,,goods,GST18,18.000000,Group,IGST18,18.000000,Simple,2,,,Active,,,INR 0.00,,,,,,,,,,,,Sales,true,false,false,false
1734477000000107604,Banner,,,FALSE,,INR 350.00,Sales,,true,,,goods,GST18,18.000000,Group,IGST18,18.000000,Simple,2,,,Inactive,,,INR 0.00,,,,,,,,,,,,Sales,true,false,false,false
1734477000000107641,Led Display board,,8531,FALSE,,INR 0.00,Sales,,true,,,goods,GST18,18.000000,Group,IGST18,18.000000,Simple,2,,,Active,NOS,,INR 0.00,,,,,,,,,,,,Sales,true,false,false,false
1734477000000107700,Shipping Charge,,,FALSE,,INR 59.32,Sales,,true,,,goods,GST18,18.000000,Group,IGST18,18.000000,Simple,2,,,Active,,,INR 0.00,,,,,,,,,,,,Sales,true,false,false,false
1734477000000107737,"LED India Outdoor P10 LED Module, Red | B071NF9M5V ( Techon-P10",,,FALSE,,INR 446.62,Sales,,true,,,goods,GST18,18.000000,Group,IGST18,18.000000,Simple,2,,,Active,,,INR 0.00,,,,,,,,,,,,Sales,true,false,false,false
1734477000000107762,LED DIGITAL DISPLAY BOARD,,,FALSE,,INR 2750.00,Sales,,true,,,goods,GST18,18.000000,Group,IGST18,18.000000,Simple,2,,,Active,,,INR 0.00,,,,,,,,,,,,Sales,true,false,false,false
1734477000000107784,LED DISPLAY BOARD WHITE  (8/1),,,FALSE,,INR 15000.00,Sales,,true,,,goods,GST18,18.000000,Group,IGST18,18.000000,Simple,2,,,Active,,,INR 0.00,,,,,,,,,,,,Sales,true,false,false,false
1734477000000107793,Delivery Charges,,,FALSE,,INR 200.00,Sales,,true,,,goods,GST18,18.000000,Group,IGST18,18.000000,Simple,2,,,Active,,,INR 0.00,,,,,,,,,,,,Sales,true,false,false,false
1734477000000107830,"Led india Outdoor p10 Led Module ,Red",,,FALSE,,INR 446.61,Sales,,true,,,goods,GST18,18.000000,Group,IGST18,18.000000,Simple,2,,,Active,,,INR 0.00,,,,,,,,,,,,Sales,true,false,false,false
1734477000000107855,MBD NEOPOLIS  SIGNAGE REPAIR,,,FALSE,,INR 212500.00,Sales,,true,,,goods,GST18,18.000000,Group,IGST18,18.000000,Simple,2,,,Active,,,INR 0.00,,,,,,,,,,,,Sales,true,false,false,false
1734477000000107889,LED MODULE P10 YELLOW,,,FALSE,,INR 0.00,Sales,,true,,,goods,GST18,18.000000,Group,IGST18,18.000000,Simple,2,,,Active,NOS,,INR 0.00,,,,,,,,,,,,Sales,true,false,false,false
1734477000000108004,DIGITAL COUNTER DISPLAY MACHINE,,,FALSE,,INR 9000.00,Sales,,true,,,goods,GST18,18.000000,Group,IGST18,18.000000,Simple,2,,,Active,,,INR 0.00,,,,,,,,,,,,Sales,true,false,false,false
1734477000000108013,DELIVERY AND PACKING,,,FALSE,,INR 1000.00,Sales,,true,,,goods,GST18,18.000000,Group,IGST18,18.000000,Simple,2,,,Active,,,INR 0.00,,,,,,,,,,,,Sales,true,false,false,false
1734477000000108038,Cabinet (6/2),,,FALSE,,INR 5500.00,Sales,,true,,,goods,GST18,18.000000,Group,IGST18,18.000000,Simple,2,,,Active,,,INR 0.00,,,,,,,,,,,,Sales,true,false,false,false
1734477000000108047,Cabinet (4/2),,,FALSE,,INR 5000.00,Sales,,true,,,goods,GST18,18.000000,Group,IGST18,18.000000,Simple,2,,,Active,,,INR 0.00,,,,,,,,,,,,Sales,true,false,false,false
1734477000000108056,LED MODULE  RED,,,FALSE,,INR 390.00,Sales,,true,,,goods,GST18,18.000000,Group,IGST18,18.000000,Simple,2,,,Active,,,INR 0.00,,,,,,,,,,,,Sales,true,false,false,false
1734477000000108065,Local Tranport,,996800,FALSE,,INR 0.00,Sales,,true,,,goods,GST18,18.000000,Group,IGST18,18.000000,Simple,2,,,Active,NOS,,INR 0.00,,,,,,,,,,,,Sales,true,false,false,false
1734477000000108111,Led Outdoor Board 3/3,,,FALSE,,INR 8750.00,Sales,,true,,,goods,GST18,18.000000,Group,IGST18,18.000000,Simple,2,,,Active,,,INR 0.00,,,,,,,,,,,,Sales,true,false,false,false
1734477000000108145,P6 SCREEN,,,FALSE,,INR 5400.00,Sales,,true,,,goods,GST18,18.000000,Group,IGST18,18.000000,Simple,2,,,Active,,,INR 0.00,,,,,,,,,,,,Sales,true,false,false,false
1734477000000108154,VIDEO PROCESSOR,,,FALSE,,INR 30000.00,Sales,,true,,,goods,GST18,18.000000,Group,IGST18,18.000000,Simple,2,,,Active,,,INR 0.00,,,,,,,,,,,,Sales,true,false,false,false
1734477000000108179,Led Module Red P10,,,FALSE,,INR 390.00,Sales,,true,,,goods,GST18,18.000000,Group,IGST18,18.000000,Simple,2,,,Active,,,INR 0.00,,,,,,,,,,,,Sales,true,false,false,false
1734477000000108264,"LED India Outdoor P10 LED Module, Red | B071NF9M5V ( 0S-TBGU-N4FS",,,FALSE,,INR 442.37,Sales,,true,,,goods,GST18,18.000000,Group,IGST18,18.000000,Simple,2,,,Active,,,INR 0.00,,,,,,,,,,,,Sales,true,false,false,false
1734477000000108329,"LED India Outdoor P10 LED Module, Red | B071NF9M5V ( Techon-P10 )",,,FALSE,,INR 442.37,Sales,,true,,,goods,GST18,18.000000,Group,IGST18,18.000000,Simple,2,,,Active,,,INR 0.00,,,,,,,,,,,,Sales,true,false,false,false
1734477000000108382,LED  P10 RED MODULES,,8531,FALSE,,INR 0.00,Sales,,true,,,goods,GST18,18.000000,Group,IGST18,18.000000,Simple,2,,,Active,NOS,,INR 0.00,,,,,,,,,,,,Sales,true,false,false,false
1734477000000108404,LED WALL CONTROLLER,,85312000,FALSE,,INR 0.00,Sales,,true,,,goods,GST18,18.000000,Group,IGST18,18.000000,Simple,2,,,Active,NOS,,INR 0.00,,,,,,,,,,,,Sales,true,false,false,false
1734477000000108438,"LED India Outdoor P10 LED Module, Red | B071NF9M5V ( 0S-TBGU-N4FS )",,,FALSE,,INR 442.37,Sales,,true,,,goods,GST18,18.000000,Group,IGST18,18.000000,Simple,2,,,Active,,,INR 0.00,,,,,,,,,,,,Sales,true,false,false,false
1734477000000108619,LED SIGNAGE (MAIN ENTRANCE  WAVE MALL),,,FALSE,,INR 70000.00,Sales,,true,,,goods,GST18,18.000000,Group,IGST18,18.000000,Simple,2,,,Active,,,INR 0.00,,,,,,,,,,,,Sales,true,false,false,false
1734477000000108710,FULL COLOR LED DISPLAY BOARD,,8531,FALSE,,INR 0.00,Sales,,true,,,goods,GST18,18.000000,Group,IGST18,18.000000,Simple,2,,,Active,NOS,,INR 0.00,,,,,,,,,,,,Sales,true,false,false,false
1734477000000108738,IRON CABINET,,853810,FALSE,,INR 5800.00,Sales,,true,,,goods,GST18,18.000000,Group,IGST18,18.000000,Simple,2,,,Active,PCS,,INR 0.00,,,,,,,,,,,,Sales,true,false,false,false
1734477000000108828,STANDEE (2.5/5FEET),,,FALSE,,INR 95000.00,Sales,,true,,,goods,GST18,18.000000,Group,IGST18,18.000000,Simple,2,,,Active,,,INR 0.00,,,,,,,,,,,,Sales,true,false,false,false
1734477000000108862,Hilight Power Supply 400v,,,FALSE,,INR 2350.00,Sales,,true,,,goods,GST18,18.000000,Group,IGST18,18.000000,Simple,2,,,Active,,,INR 0.00,,,,,,,,,,,,Sales,true,false,false,false
1734477000000108871,Power Supply 5A 12v,,,FALSE,,INR 750.00,Sales,,true,,,goods,GST18,18.000000,Group,IGST18,18.000000,Simple,2,,,Active,,,INR 0.00,,,,,,,,,,,,Sales,true,false,false,false
1734477000000108933,"LED India Outdoor P10 LED Module, Red | B071NF9M5V ( WC-1D39-YDFI )",,,FALSE,,INR 442.37,Sales,,true,,,goods,GST18,18.000000,Group,IGST18,18.000000,Simple,2,,,Active,,,INR 0.00,,,,,,,,,,,,Sales,true,false,false,false
1734477000000108983,Clip on Signage Repair on Mall,,,FALSE,,INR 3000.00,Sales,,true,,,goods,GST18,18.000000,Group,IGST18,18.000000,Simple,2,,,Active,,,INR 0.00,,,,,,,,,,,,Sales,true,false,false,false
1734477000000109005,SMPS 5v 40a Power Supply,,8504,FALSE,,INR 850.00,Sales,,true,,,goods,GST18,18.000000,Group,IGST18,18.000000,Simple,2,,,Active,NOS,,INR 0.00,,,,,,,,,,,,Sales,true,false,false,false
1734477000000109065,"Tridev traders 5V 60A 300W DC Switch Power Supply for Pixel Light, LED Strip, CCTV | B07F6HJKW3 ( 5V60ASMPS )",,,FALSE,,INR 1152.54,Sales,,true,,,goods,GST18,18.000000,Group,IGST18,18.000000,Simple,2,,,Active,,,INR 0.00,,,,,,,,,,,,Sales,true,false,false,false
1734477000000109102,Supply of outdoor led display and accessories for size of 10.08x22.68ft,,,FALSE,,INR 1012500.00,Sales,,true,,,goods,GST18,18.000000,Group,IGST18,18.000000,Simple,2,,,Active,,,INR 0.00,,,,,,,,,,,,Sales,true,false,false,false
1734477000000109111,Sending Card Novastar,,,FALSE,,INR 9000.00,Sales,,true,,,goods,GST18,18.000000,Group,IGST18,18.000000,Simple,2,,,Active,,,INR 0.00,,,,,,,,,,,,Sales,true,false,false,false
1734477000000109120,Video Processor Novastar/Equivalent,,,FALSE,,INR 25000.00,Sales,,true,,,goods,GST18,18.000000,Group,IGST18,18.000000,Simple,2,,,Active,,,INR 0.00,,,,,,,,,,,,Sales,true,false,false,false
1734477000000109160,LED WRITING BOARD (18 INCH BY 24 INCH),,,FALSE,,INR 5000.00,Sales,,true,,,goods,GST18,18.000000,Group,IGST18,18.000000,Simple,2,,,Active,,,INR 0.00,,,,,,,,,,,,Sales,true,false,false,false
1734477000000109235,"LED SCROLLER 4'BY 4""",,,FALSE,,INR 8000.00,Sales,,true,,,goods,GST18,18.000000,Group,IGST18,18.000000,Simple,2,,,Active,,,INR 0.00,,,,,,,,,,,,Sales,true,false,false,false
1734477000000109257,SAFE WORKING DAY DIGITAL DISPLAY BOARD,,,FALSE,,INR 20000.00,Sales,,true,,,goods,GST18,18.000000,Group,IGST18,18.000000,Simple,2,,,Active,,,INR 0.00,,,,,,,,,,,,Sales,true,false,false,false
1734477000000109266,Packing & forwarding,,,FALSE,,INR 4000.00,Sales,,true,,,goods,GST18,18.000000,Group,IGST18,18.000000,Simple,2,,,Active,,,INR 0.00,,,,,,,,,,,,Sales,true,false,false,false
1734477000000109303,CAT 6 SOCKET,,,FALSE,,INR 300.00,Sales,,true,,,goods,GST18,18.000000,Group,IGST18,18.000000,Simple,2,,,Active,,,INR 0.00,,,,,,,,,,,,Sales,true,false,false,false
1734477000000109337,P6 LED SCREEN,,8531,FALSE,,INR 0.00,Sales,,true,,,goods,GST18,18.000000,Group,IGST18,18.000000,Simple,2,,,Active,NOS,,INR 0.00,,,,,,,,,,,,Sales,true,false,false,false
1734477000000109362,Pamphlets,,,FALSE,,INR 500.00,Sales,,true,,,goods,GST18,18.000000,Group,IGST18,18.000000,Simple,2,,,Active,,,INR 0.00,,,,,,,,,,,,Sales,true,false,false,false
1734477000000109396,P4 LED MODULE,,853951,FALSE,,INR 510.00,Sales,,true,,,goods,GST18,18.000000,Group,IGST18,18.000000,Simple,2,,,Inactive,,,INR 0.00,,,,,,,,,,,,Sales,true,false,false,false
1734477000000109430,LED DISPLAY BOARD RED,,,FALSE,,INR 6000.00,Sales,,true,,,goods,GST18,18.000000,Group,IGST18,18.000000,Simple,2,,,Active,NOS,,INR 0.00,,,,,,,,,,,,Sales,true,false,false,false
1734477000000113022,LAN 3M D,,8544,FALSE,,INR 100.00,Sales,,true,,,goods,GST18,18.000000,Group,IGST18,18.000000,Simple,1,,,Active,,,INR 100.00,Cost of Goods Sold,,,Inventory Asset,,,,,,,,Sales and Purchases,true,true,false,false
1734477000000114075,SMPS 5V 60M,,8531,FALSE,,INR 1350.00,Sales,,true,,,goods,GST18,18.000000,Group,IGST18,18.000000,Simple,1,,,Active,,,INR 0.00,,,,,,,,,,,,Sales,true,false,false,false
1734477000000133754,P-10 Integrated 3 in 1 Full Color Led Screen,,,FALSE,,INR 0.00,Sales,,true,,,goods,GST18,18.000000,Group,IGST18,18.000000,Simple,1,,,Active,,,INR 363000.00,Cost of Goods Sold,,,Inventory Asset,,,,,,,,Sales and Purchases,true,true,false,false
1734477000000133785,POWER SUPPLY,,,FALSE,,INR 0.00,,,true,,,goods,GST18,18.000000,Group,IGST18,18.000000,Simple,1,,,Active,,,INR 600.00,Cost of Goods Sold,,,,,,,,,,,Purchases,false,true,false,false
1734477000000133818,LED  M10  INDICATOR PANNEL,,,FALSE,,INR 0.00,,,true,,,goods,GST18,18.000000,Group,IGST18,18.000000,Simple,1,,,Active,,,INR 250.00,Cost of Goods Sold,,,,,,,,,,,Purchases,false,true,false,false
1734477000000133827,LED  P10 SMD INDICATOR  PANNEL,,,FALSE,,INR 0.00,,,true,,,goods,GST18,18.000000,Group,IGST18,18.000000,Simple,1,,,Active,,,INR 200.00,Cost of Goods Sold,,,,,,,,,,,Purchases,false,true,false,false
1734477000000133862,CuttingMachine,,,FALSE,,INR 0.00,,,true,,,goods,GST18,18.000000,Group,IGST18,18.000000,Simple,1,,,Active,,,INR 12711.86,Cost of Goods Sold,,,,,,,,,,,Purchases,false,true,false,false
1734477000000133873,Cutting Plotter RS-720c,,,FALSE,,INR 0.00,,,true,,,goods,GST18,18.000000,Group,IGST18,18.000000,Simple,1,,,Active,,,INR 5932.50,Cost of Goods Sold,,,,,,,,,,,Purchases,false,true,false,false
1734477000000133884,Laser Tube,,,FALSE,,INR 0.00,,,true,,,goods,GST18,18.000000,Group,IGST18,18.000000,Simple,1,,,Active,,,INR 5932.86,Cost of Goods Sold,,,,,,,,,,,Purchases,false,true,false,false
1734477000000133893,Small Sticker Cutting Machine,,,FALSE,,INR 0.00,,,true,,,goods,GST18,18.000000,Group,IGST18,18.000000,Simple,1,,,Active,,,INR 5932.86,Cost of Goods Sold,,,,,,,,,,,Purchases,false,true,false,false
1734477000000133920,Iron sheet enclosure,,853810,FALSE,,INR 0.00,,,true,,,goods,GST18,18.000000,Group,IGST18,18.000000,Simple,1,,,Active,,,INR 5500.00,Cost of Goods Sold,,,,,,,,,,,Purchases,false,true,false,false
1734477000000133951,Favicon,,,FALSE,,INR 0.00,,,true,,,goods,GST18,18.000000,Group,IGST18,18.000000,Simple,1,,,Active,,,INR 4542.00,Cost of Goods Sold,,,,,,,,,,,Purchases,false,true,false,false
1734477000000133960,Domain Booking,,,FALSE,,INR 0.00,,,true,,,goods,GST18,18.000000,Group,IGST18,18.000000,Simple,1,,,Active,,,INR 737.00,Cost of Goods Sold,,,,,,,,,,,Purchases,false,true,false,false
1734477000000133969,Mobile Version Catalog,,,FALSE,,INR 0.00,,,true,,,goods,GST18,18.000000,Group,IGST18,18.000000,Simple,1,,,Active,,,INR 6136.00,Cost of Goods Sold,,,,,,,,,,,Purchases,false,true,false,false
1734477000000133978,TrustStamp,,,FALSE,,INR 0.00,,,true,,,goods,GST18,18.000000,Group,IGST18,18.000000,Simple,1,,,Active,,,INR 6525.00,Cost of Goods Sold,,,,,,,,,,,Purchases,false,true,false,false
1734477000000133987,Multilingual upgrade for Catalog,,,FALSE,,INR 0.00,,,true,,,goods,GST18,18.000000,Group,IGST18,18.000000,Simple,1,,,Active,,,INR 4492.00,Cost of Goods Sold,,,,,,,,,,,Purchases,false,true,false,false
1734477000000133996,Catalog - 3 Pages,,,FALSE,,INR 0.00,,,true,,,goods,GST18,18.000000,Group,IGST18,18.000000,Simple,1,,,Active,,,INR 33263.00,Cost of Goods Sold,,,,,,,,,,,Purchases,false,true,false,false
1734477000000134025,Cutting Machine-721,,,FALSE,,INR 0.00,,,true,,,goods,GST18,18.000000,Group,IGST18,18.000000,Simple,1,,,Active,,,INR 13135.60,Cost of Goods Sold,,,,,,,,,,,Purchases,false,true,false,false
1734477000000134036,Cutting Plotter,,,FALSE,,INR 0.00,,,true,,,goods,GST18,18.000000,Group,IGST18,18.000000,Simple,1,,,Active,,,INR 5000.00,Cost of Goods Sold,,,,,,,,,,,Purchases,false,true,false,false
1734477000000134067,P10 MODULE /INDICATOR PANNEL,,,FALSE,,INR 0.00,,,true,,,goods,GST18,18.000000,Group,IGST18,18.000000,Simple,1,,,Active,,,INR 200.00,Cost of Goods Sold,,,,,,,,,,,Purchases,false,true,false,false
1734477000000134076,CABINET DOLPHINE,,8421,FALSE,,INR 0.00,,,true,,,goods,GST18,18.000000,Group,IGST18,18.000000,Simple,1,,,Active,PCS,,INR 0.00,Cost of Goods Sold,,,,,,,,,,,Purchases,false,true,false,false
1734477000000134085,MEGNET SCREW,,,FALSE,,INR 0.00,,,true,,,goods,GST18,18.000000,Group,IGST18,18.000000,Simple,1,,,Active,,,INR 2.00,Cost of Goods Sold,,,,,,,,,,,Purchases,false,true,false,false
1734477000000134094,HAT CABLE CONNECTOR,,,FALSE,,INR 0.00,,,true,,,goods,GST18,18.000000,Group,IGST18,18.000000,Simple,1,,,Active,,,INR 2.00,Cost of Goods Sold,,,,,,,,,,,Purchases,false,true,false,false
1734477000000134103,CARD BX5Q1,,,FALSE,,INR 0.00,,,true,,,goods,GST18,18.000000,Group,IGST18,18.000000,Simple,1,,,Active,,,INR 1500.00,Cost of Goods Sold,,,,,,,,,,,Purchases,false,true,false,false
1734477000000134130,M10 LED INDICATOR,,,FALSE,,INR 0.00,,,true,,,goods,GST18,18.000000,Group,IGST18,18.000000,Simple,1,,,Active,,,INR 250.00,Cost of Goods Sold,,,,,,,,,,,Purchases,false,true,false,false
1734477000000134163,TOKEN DISPLAY SYSTEM,,,FALSE,,INR 0.00,,,true,,,goods,GST18,18.000000,Group,IGST18,18.000000,Simple,1,,,Active,,,INR 2500.00,Cost of Goods Sold,,,,,,,,,,,Purchases,false,true,false,false
1734477000000134182,CUTTING MACHINE-721,,,FALSE,,INR 0.00,,,true,,,goods,GST18,18.000000,Group,IGST18,18.000000,Simple,1,,,Active,,,INR 13644.07,Cost of Goods Sold,,,,,,,,,,,Purchases,false,true,false,false
1734477000000134213,ClearTax GST software for Business - 1 GSTIN,,,FALSE,,INR 0.00,,,true,,,goods,GST18,18.000000,Group,IGST18,18.000000,Simple,1,,,Active,,,INR 10000.00,Cost of Goods Sold,,,,,,,,,,,Purchases,false,true,false,false
1734477000000134246,LED Display Board SMD P10 White,,8531,FALSE,,INR 0.00,,,true,,,goods,GST18,18.000000,Group,IGST18,18.000000,Simple,1,,,Active,,,INR 1050.00,Cost of Goods Sold,,,,,,,,,,,Purchases,false,true,false,false
1734477000000134265,LED Display Board P10 Red,,,FALSE,,INR 0.00,,,true,,,goods,GST18,18.000000,Group,IGST18,18.000000,Simple,1,,,Active,,,INR 335.00,Cost of Goods Sold,,,,,,,,,,,Purchases,false,true,false,false
1734477000000134274,LED Display Board P10 Yellow,,8532,FALSE,,INR 0.00,,,true,,,goods,GST18,18.000000,Group,IGST18,18.000000,Simple,1,,,Active,NOS,,INR 475.00,Cost of Goods Sold,,,,,,,,,,,Purchases,false,true,false,false
1734477000000134295,LED DISPLAY Boards P4 RGB SMD,,,FALSE,,INR 0.00,,,true,,,goods,GST18,18.000000,Group,IGST18,18.000000,Simple,1,,,Active,,,INR 525.00,Cost of Goods Sold,,,,,,,,,,,Purchases,false,true,false,false
1734477000000134304,FRIEGHT CHARGES,,,FALSE,,INR 0.00,,,true,,,goods,GST18,18.000000,Group,IGST18,18.000000,Simple,1,,,Active,,,INR 0.00,Cost of Goods Sold,,,,,,,,,,,Purchases,false,true,false,false
1734477000000134325,LED DISPLAY BOARD P4 RGB SMD,,,FALSE,,INR 0.00,,,true,,,goods,GST18,18.000000,Group,IGST18,18.000000,Simple,1,,,Active,,,INR 525.00,Cost of Goods Sold,,,,,,,,,,,Purchases,false,true,false,false
1734477000000134334,FREIGHT CHARGES,,996812,FALSE,,INR 0.00,,,true,,,goods,GST18,18.000000,Group,IGST18,18.000000,Simple,1,,,Active,,,INR 337.00,Cost of Goods Sold,,,,,,,,,,,Purchases,false,true,false,false
1734477000000141003,Totam Signge Repair MBD Neopolis,,3926,FALSE,,INR 1.00,Sales,,true,,,goods,GST18,18.000000,Group,IGST18,18.000000,Simple,1,,,Active,,,INR 0.00,,,,,,,,,,,,Sales,true,false,false,false
1734477000000154953,CHAIRS,,,FALSE,,INR 0.00,,,true,,,goods,GST18,18.000000,Group,IGST18,18.000000,Simple,1,,,Active,,,INR 600.00,Cost of Goods Sold,,,,,,,,,,,Purchases,false,true,false,false
1734477000000154962,RER. CHAIRS,,,FALSE,,INR 0.00,,,true,,,goods,GST18,18.000000,Group,IGST18,18.000000,Simple,1,,,Active,,,INR 3000.00,Cost of Goods Sold,,,,,,,,,,,Purchases,false,true,false,false
1734477000000155007,HARD DRIVE 1TB WD S/N. WCC4J7AEHYER,,,FALSE,,INR 0.00,,,true,,,goods,GST18,18.000000,Group,IGST18,18.000000,Simple,1,,,Active,,,INR 2996.10,Cost of Goods Sold,,,,,,,,,,,Purchases,false,true,false,false
1734477000000155052,EPE 5MM Plastics Gooda 80 MTRs,,,FALSE,,INR 0.00,,,true,,,goods,GST18,18.000000,Group,IGST18,18.000000,Simple,1,,,Active,,,INR 2200.00,Cost of Goods Sold,,,,,,,,,,,Purchases,false,true,false,false
1734477000000155085,CataLogue  A4 3 fold front/Back,,,FALSE,,INR 0.00,,,true,,,goods,GST18,18.000000,Group,IGST18,18.000000,Simple,1,,,Active,,,INR 2.60,Cost of Goods Sold,,,,,,,,,,,Purchases,false,true,false,false
1734477000000155152,10 MM RIRE COPPER,,,FALSE,,INR 0.00,,,true,,,goods,GST18,18.000000,Group,IGST18,18.000000,Simple,1,,,Inactive,,,INR 66.10,Cost of Goods Sold,,,,,,,,,,,Purchases,false,true,false,false
1734477000000155217,FLASH SHEET,,,FALSE,,INR 0.00,,,true,,,goods,GST18,18.000000,Group,IGST18,18.000000,Simple,1,,,Active,,,INR 3500.00,Cost of Goods Sold,,,,,,,,,,,Purchases,false,true,false,false
1734477000000155226,URINAL,,,FALSE,,INR 0.00,,,true,,,goods,GST18,18.000000,Group,IGST18,18.000000,Simple,1,,,Active,,,INR 400.00,Cost of Goods Sold,,,,,,,,,,,Purchases,false,true,false,false
1734477000000155261,JEERA,,,FALSE,,INR 0.00,,,true,,,goods,GST18,18.000000,Group,IGST18,18.000000,Simple,1,,,Active,,,INR 256.23,Cost of Goods Sold,,,,,,,,,,,Purchases,false,true,false,false
1734477000000155272,ETKHJARP,,,FALSE,,INR 0.00,,,true,,,goods,GST18,18.000000,Group,IGST18,18.000000,Simple,1,,,Active,,,INR 131.42,Cost of Goods Sold,,,,,,,,,,,Purchases,false,true,false,false
1734477000000155281,DHANIA,,,FALSE,,INR 0.00,,,true,,,goods,GST18,18.000000,Group,IGST18,18.000000,Simple,1,,,Active,,,INR 61.65,Cost of Goods Sold,,,,,,,,,,,Purchases,false,true,false,false
1734477000000155290,HALDI,,,FALSE,,INR 0.00,,,true,,,goods,GST18,18.000000,Group,IGST18,18.000000,Simple,1,,,Active,,,INR 214.28,Cost of Goods Sold,,,,,,,,,,,Purchases,false,true,false,false
1734477000000155299,DHANIA  PWD,,,FALSE,,INR 0.00,,,true,,,goods,GST18,18.000000,Group,IGST18,18.000000,Simple,1,,,Active,,,INR 291.45,Cost of Goods Sold,,,,,,,,,,,Purchases,false,true,false,false
1734477000000155310,DAIRY PRODUCT,,,FALSE,,INR 0.00,,,true,,,goods,GST18,18.000000,Group,IGST18,18.000000,Simple,1,,,Active,,,INR 3095.29,Cost of Goods Sold,,,,,,,,,,,Purchases,false,true,false,false
1734477000000155371,IND. CABLE 1.1 KV Copper Conductor 10.00 SQMM X90 MTR,,,FALSE,,INR 0.00,,,true,,,goods,GST18,18.000000,Group,IGST18,18.000000,Simple,1,,,Active,,,INR 6000.00,Cost of Goods Sold,,,,,,,,,,,Purchases,false,true,false,false
1734477000000155404,BATTERY EXIDE -BOSS,,,FALSE,,INR 0.00,,,true,,,goods,GST18,18.000000,Group,IGST18,18.000000,Simple,1,,,Inactive,,,INR 8672.00,Cost of Goods Sold,,,,,,,,,,,Purchases,false,true,false,false
1734477000000155453,55 N 2 Core Wire,,,FALSE,,INR 0.00,,,true,,,goods,GST18,18.000000,Group,IGST18,18.000000,Simple,1,,,Inactive,,,INR 1500.00,Cost of Goods Sold,,,,,,,,,,,Purchases,false,true,false,false
1734477000000155496,Aluminium Sheet AD-31 (8 X 4) AL-32,,,FALSE,,INR 0.00,,,true,,,goods,GST18,18.000000,Group,IGST18,18.000000,Simple,1,,,Inactive,,,INR 60.00,Cost of Goods Sold,,,,,,,,,,,Purchases,false,true,false,false
1734477000000155575,H.R PLATE,,,FALSE,,INR 0.00,,,true,,,goods,GST18,18.000000,Group,IGST18,18.000000,Simple,1,,,Active,,,INR 43000.00,Cost of Goods Sold,,,,,,,,,,,Purchases,false,true,false,false
1734477000000155606,ROLL,,,FALSE,,INR 0.00,,,true,,,goods,GST18,18.000000,Group,IGST18,18.000000,Simple,1,,,Active,,,INR 453.00,Cost of Goods Sold,,,,,,,,,,,Purchases,false,true,false,false
1734477000000155645,COMP 1 MM,,,FALSE,,INR 0.00,,,true,,,goods,GST18,18.000000,Group,IGST18,18.000000,Simple,1,,,Active,,,INR 430.00,Cost of Goods Sold,,,,,,,,,,,Purchases,false,true,false,false
1734477000000155678,P10 RED SMD INDICATOR PANNEL WITH ACC,,,FALSE,,INR 0.00,,,true,,,goods,GST18,18.000000,Group,IGST18,18.000000,Simple,1,,,Active,,,INR 250.00,Cost of Goods Sold,,,,,,,,,,,Purchases,false,true,false,false
1734477000000155687,CONTROL CARD HDU60,,,FALSE,,INR 0.00,,,true,,,goods,GST18,18.000000,Group,IGST18,18.000000,Simple,1,,,Active,,,INR 500.00,Cost of Goods Sold,,,,,,,,,,,Purchases,false,true,false,false
1734477000000155720,LED LIGHT LUMENO 5W ROUND 3000K,,,FALSE,,INR 0.00,,,true,,,goods,GST18,18.000000,Group,IGST18,18.000000,Simple,1,,,Active,,,INR 294.65,Cost of Goods Sold,,,,,,,,,,,Purchases,false,true,false,false
1734477000000155731,FINE GOLDLINE 5x3,,,FALSE,,INR 0.00,,,true,,,goods,GST18,18.000000,Group,IGST18,18.000000,Simple,1,,,Active,,,INR 48.30,Cost of Goods Sold,,,,,,,,,,,Purchases,false,true,false,false
1734477000000155740,FINE GOLDLINE LINE 6AMP SWITCHE,,,FALSE,,INR 0.00,,,true,,,goods,GST18,18.000000,Group,IGST18,18.000000,Simple,1,,,Active,,,INR 19.53,Cost of Goods Sold,,,,,,,,,,,Purchases,false,true,false,false
1734477000000155749,FINE GOLDLINE SOCKETS 6AMP,,,FALSE,,INR 0.00,,,true,,,goods,GST18,18.000000,Group,IGST18,18.000000,Simple,1,,,Active,,,INR 53.12,Cost of Goods Sold,,,,,,,,,,,Purchases,false,true,false,false
1734477000000155758,FINE GOLDLINE DAMMY,,,FALSE,,INR 0.00,,,true,,,goods,GST18,18.000000,Group,IGST18,18.000000,Simple,1,,,Active,,,INR 5.85,Cost of Goods Sold,,,,,,,,,,,Purchases,false,true,false,false
1734477000000155767,FINE GOLDLINE,,,FALSE,,INR 0.00,,,true,,,goods,GST18,18.000000,Group,IGST18,18.000000,Simple,1,,,Active,,,INR 49.60,Cost of Goods Sold,,,,,,,,,,,Purchases,false,true,false,false
1734477000000155836,IRON SHEET BOX,,,FALSE,,INR 0.00,,,true,,,goods,GST18,18.000000,Group,IGST18,18.000000,Simple,1,,,Active,,,INR 5700.00,Cost of Goods Sold,,,,,,,,,,,Purchases,false,true,false,false
1734477000000155889,Led Modules P10,,,FALSE,,INR 0.00,,,true,,,goods,GST18,18.000000,Group,IGST18,18.000000,Simple,1,,,Active,,,INR 190.00,Cost of Goods Sold,,,,,,,,,,,Purchases,false,true,false,false
1734477000000155900,Led Cards Wifi,,,FALSE,,INR 0.00,,,true,,,goods,GST18,18.000000,Group,IGST18,18.000000,Simple,1,,,Active,,,INR 330.00,Cost of Goods Sold,,,,,,,,,,,Purchases,false,true,false,false
1734477000000155921,Led Driver Supply 5V 60 AMP,,,FALSE,,INR 0.00,,,true,,,goods,GST18,18.000000,Group,IGST18,18.000000,Simple,1,,,Active,,,INR 810.00,Cost of Goods Sold,,,,,,,,,,,Purchases,false,true,false,false
1734477000000155930,LED Cards XOU,,,FALSE,,INR 0.00,,,true,,,goods,GST18,18.000000,Group,IGST18,18.000000,Simple,1,,,Active,,,INR 1520.00,Cost of Goods Sold,,,,,,,,,,,Purchases,false,true,false,false
1734477000000155939,LED Cards Hub 75,,,FALSE,,INR 0.00,,,true,,,goods,GST18,18.000000,Group,IGST18,18.000000,Simple,1,,,Active,,,INR 475.00,Cost of Goods Sold,,,,,,,,,,,Purchases,false,true,false,false
1734477000000155962,LED MODULE P10 RGB,,,FALSE,,INR 0.00,,,true,,,goods,GST18,18.000000,Group,IGST18,18.000000,Simple,1,,,Active,,,INR 326.67,Cost of Goods Sold,,,,,,,,,,,Purchases,false,true,false,false
1734477000000155971,LED CARDS CONTROL CARDS,,,FALSE,,INR 0.00,,,true,,,goods,GST18,18.000000,Group,IGST18,18.000000,Simple,1,,,Active,,,INR 1000.00,Cost of Goods Sold,,,,,,,,,,,Purchases,false,true,false,false
1734477000000155992,Led Module P10 Red,,,FALSE,,INR 0.00,,,true,,,goods,GST18,18.000000,Group,IGST18,18.000000,Simple,1,,,Active,,,INR 275.00,Cost of Goods Sold,,,,,,,,,,,Purchases,false,true,false,false
1734477000000156013,P10 SMD Outdoor Full Color 320X160 MM 1/4 Scan,,,FALSE,,INR 0.00,,,true,,,goods,GST18,18.000000,Group,IGST18,18.000000,Simple,1,,,Active,,,INR 295.00,Cost of Goods Sold,,,,,,,,,,,Purchases,false,true,false,false
1734477000000156044,SMPS 5V 40A,,853120,FALSE,,INR 0.00,,,true,,,goods,GST18,18.000000,Group,IGST18,18.000000,Simple,1,,,Active,,,INR 185.00,Cost of Goods Sold,,,,,,,,,,,Purchases,false,true,false,false
1734477000000156053,LED CARDS,,,FALSE,,INR 0.00,,,true,,,goods,GST18,18.000000,Group,IGST18,18.000000,Simple,1,,,Active,,,INR 250.00,Cost of Goods Sold,,,,,,,,,,,Purchases,false,true,false,false
1734477000000156062,DISPLAY INDICATOR PANNEL WITH RUBBER,,,FALSE,,INR 0.00,,,true,,,goods,GST18,18.000000,Group,IGST18,18.000000,Simple,1,,,Active,,,INR 150.00,Cost of Goods Sold,,,,,,,,,,,Purchases,false,true,false,false
1734477000000156099,HIND CLASSIK PILLAR COCK,,,FALSE,,INR 0.00,,,true,,,goods,GST18,18.000000,Group,IGST18,18.000000,Simple,1,,,Active,,,INR 493.00,Cost of Goods Sold,,,,,,,,,,,Purchases,false,true,false,false
1734477000000156108,HIND CLASSIK BIB COCK,,,FALSE,,INR 0.00,,,true,,,goods,GST18,18.000000,Group,IGST18,18.000000,Simple,1,,,Active,,,INR 483.00,Cost of Goods Sold,,,,,,,,,,,Purchases,false,true,false,false
1734477000000156117,HIND CLASSIK LONG BIB COCK,,,FALSE,,INR 0.00,,,true,,,goods,GST18,18.000000,Group,IGST18,18.000000,Simple,1,,,Active,,,INR 593.00,Cost of Goods Sold,,,,,,,,,,,Purchases,false,true,false,false
1734477000000156198,IRON SHEET ENCLOSURE,,8538,FALSE,,INR 0.00,Sales,,true,,,goods,GST18,18.000000,Group,IGST18,18.000000,Simple,1,,,Active,NOS,,INR 0.00,Cost of Goods Sold,,,Inventory Asset,,,,,,,,Sales and Purchases,true,true,false,false
1734477000000156223,Iron Sheet Enclosure,,,FALSE,,INR 0.00,,,true,,,goods,GST18,18.000000,Group,IGST18,18.000000,Simple,1,,,Active,,,INR 630.00,Cost of Goods Sold,,,,,,,,,,,Purchases,false,true,false,false
1734477000000156260,HANDLE,,,FALSE,,INR 0.00,,,true,,,goods,GST18,18.000000,Group,IGST18,18.000000,Simple,1,,,Active,,,INR 34.10,Cost of Goods Sold,,,,,,,,,,,Purchases,false,true,false,false
1734477000000156293,PIPES,,,FALSE,,INR 0.00,,,true,,,goods,GST18,18.000000,Group,IGST18,18.000000,Simple,1,,,Active,,,INR 45.10,Cost of Goods Sold,,,,,,,,,,,Purchases,false,true,false,false
1734477000000156330,WIER 10 MM,,,FALSE,,INR 0.00,,,true,,,goods,GST18,18.000000,Group,IGST18,18.000000,Simple,1,,,Active,,,INR 469.00,Cost of Goods Sold,,,,,,,,,,,Purchases,false,true,false,false
1734477000000157001,Glass signage,,,FALSE,,INR 350.00,Sales,,true,,,goods,GST18,18.000000,Group,IGST18,18.000000,Simple,1,,,Active,Unit ,,INR 0.00,,,,,,,,,,,,Sales,true,false,false,false
1734477000000199019,"JOB WORK OF FIXING CHARGES OF LED STRIP LIGTH,LED ADAPTOR AND ELECTRICAL WIRE FOR MALL FRONT FACADE ZIG ZAG AREA WITH LABOUR CHARGES",,,FALSE,,INR 0.00,Sales,,true,,,goods,GST18,18.000000,Group,IGST18,18.000000,Simple,1,,,Active,,,INR 0.00,,,,,,,,,,,,Sales,true,false,false,false
1734477000000199028,JOB WORK OF FIXING CHARGES OF ACP SHEET FOR MALL FRONT FACEDE ZIG ZAG DESIGN WITH ACP SHEET AND OTHER FIXING MATERIAL AND LABOUR CHARGES,,,FALSE,,INR 0.00,Sales,,true,,,goods,GST18,18.000000,Group,IGST18,18.000000,Simple,1,,,Active,,,INR 0.00,,,,,,,,,,,,Sales,true,false,false,false
1734477000000207038,LED DISPLAY BOARD(2 FEET BY 10 FEET ) T10 FULL COLOR,,,FALSE,,INR 0.00,Sales,,true,,,goods,GST18,18.000000,Group,IGST18,18.000000,Simple,1,,,Active,,,INR 0.00,,,,,,,,,,,,Sales,true,false,false,false
1734477000000207047,Frame construction  SS metal,,,FALSE,,INR 0.00,Sales,,true,,,goods,GST18,18.000000,Group,IGST18,18.000000,Simple,1,,,Active,,,INR 0.00,,,,,,,,,,,,Sales,true,false,false,false
1734477000000208083,DAIKIN FTL50TV16/RL50TV16-1.5 TON SR.NO.(IN) 0046986(OU)0074267,,8415,FALSE,,INR 0.00,,,true,,,goods,GST18,18.000000,Group,IGST18,18.000000,Simple,1,,,Active,,,INR 0.00,Cost of Goods Sold,,,,,,,,,,,Purchases,false,true,false,false
1734477000000214016,Wireless Token Display System,,,FALSE,,INR 0.00,Sales,,true,,,goods,GST18,18.000000,Group,IGST18,18.000000,Simple,1,,,Active,,,INR 0.00,,,,,,,,,,,,Sales,true,false,false,false
1734477000000214053,IRON MACHINE,,8451,FALSE,,INR 0.00,Sales,,true,,,goods,GST18,18.000000,Group,IGST18,18.000000,Simple,1,,,Active,,,INR 0.00,,,,,,,,,,,,Sales,true,false,false,false
1734477000000215224,Reo 1.5 SQ MM 90 Mtr,,8544,FALSE,,INR 0.00,Sales,,true,,,goods,GST18,18.000000,Group,IGST18,18.000000,Simple,1,,,Active,,,INR 0.00,Cost of Goods Sold,,,Inventory Asset,,,,,,,,Sales and Purchases,true,true,false,false
1734477000000215233,Reo 1.0 SQ MM 90 Mtr,,8544,FALSE,,INR 0.00,Sales,,true,,,goods,GST18,18.000000,Group,IGST18,18.000000,Simple,1,,,Active,,,INR 0.00,Cost of Goods Sold,,,Inventory Asset,,,,,,,,Sales and Purchases,true,true,false,false
1734477000000215242,Reo 2.5 SQ MM 90 Mtr,,,FALSE,,INR 0.00,Sales,,true,,,goods,GST18,18.000000,Group,IGST18,18.000000,Simple,1,,,Active,,,INR 0.00,Cost of Goods Sold,,,Inventory Asset,,,,,,,,Sales and Purchases,true,true,false,false
1734477000000215251,Reo 4 SQ MM 90 Mtr,,,FALSE,,INR 0.00,Sales,,true,,,goods,GST18,18.000000,Group,IGST18,18.000000,Simple,1,,,Active,,,INR 0.00,Cost of Goods Sold,,,Inventory Asset,,,,,,,,Sales and Purchases,true,true,false,false
1734477000000215260,Reo 6 SQ MM 90 Mtr,,,FALSE,,INR 0.00,Sales,,true,,,goods,GST18,18.000000,Group,IGST18,18.000000,Simple,1,,,Active,,,INR 0.00,Cost of Goods Sold,,,Inventory Asset,,,,,,,,Sales and Purchases,true,true,false,false
1734477000000215279,Cable Tray,,,FALSE,,INR 0.00,,,true,,,goods,GST18,18.000000,Group,IGST18,18.000000,Simple,1,,,Active,,,INR 500.00,Cost of Goods Sold,,,,,,,,,,,Purchases,false,true,false,false
1734477000000215288,Junction Box,,,FALSE,,INR 0.00,,,true,,,goods,GST18,18.000000,Group,IGST18,18.000000,Simple,1,,,Active,,,INR 350.00,Cost of Goods Sold,,,,,,,,,,,Purchases,false,true,false,false
1734477000000215297,Conduit Pipe,,,FALSE,,INR 0.00,,,true,,,goods,GST18,18.000000,Group,IGST18,18.000000,Simple,1,,,Active,,,INR 25.00,Cost of Goods Sold,,,,,,,,,,,Purchases,false,true,false,false
1734477000000215306,MCB Box,,,FALSE,,INR 0.00,,,true,,,goods,GST18,18.000000,Group,IGST18,18.000000,Simple,1,,,Active,,,INR 800.00,Cost of Goods Sold,,,,,,,,,,,Purchases,false,true,false,false
1734477000000215315,Armoured Cable 4SQMM,,,FALSE,,INR 0.00,,,true,,,goods,GST18,18.000000,Group,IGST18,18.000000,Simple,1,,,Active,,,INR 85.00,Cost of Goods Sold,,,,,,,,,,,Purchases,false,true,false,false
1734477000000215324,MCB 16A,,,FALSE,,INR 0.00,,,true,,,goods,GST18,18.000000,Group,IGST18,18.000000,Simple,1,,,Active,,,INR 180.00,Cost of Goods Sold,,,,,,,,,,,Purchases,false,true,false,false
1734477000000215333,MCB 32A,,,FALSE,,INR 0.00,,,true,,,goods,GST18,18.000000,Group,IGST18,18.000000,Simple,1,,,Active,,,INR 180.00,Cost of Goods Sold,,,,,,,,,,,Purchases,false,true,false,false
1734477000000215342,MCCB 100A,,,FALSE,,INR 0.00,,,true,,,goods,GST18,18.000000,Group,IGST18,18.000000,Simple,1,,,Active,,,INR 2500.00,Cost of Goods Sold,,,,,,,,,,,Purchases,false,true,false,false
1734477000000215351,Energy Meter,,,FALSE,,INR 0.00,,,true,,,goods,GST18,18.000000,Group,IGST18,18.000000,Simple,1,,,Active,,,INR 3500.00,Cost of Goods Sold,,,,,,,,,,,Purchases,false,true,false,false
1734477000000215360,Distribution Board,,,FALSE,,INR 0.00,,,true,,,goods,GST18,18.000000,Group,IGST18,18.000000,Simple,1,,,Active,,,INR 1200.00,Cost of Goods Sold,,,,,,,,,,,Purchases,false,true,false,false
1734477000000215379,IMD BOARD,,,FALSE,,INR 0.00,,,true,,,goods,GST18,18.000000,Group,IGST18,18.000000,Simple,1,,,Active,,,INR 0.00,,,,,,,,,,,,Purchases,false,true,false,false
1734477000000215388,LED DISPLAY BOARD(5X3) RED,,,FALSE,,INR 0.00,Sales,,true,,,goods,GST18,18.000000,Group,IGST18,18.000000,Simple,1,,,Active,,,INR 0.00,,,,,,,,,,,,Sales,true,false,false,false
1734477000000215397,LED DISPLAY BOARD(1X4) RED,,,FALSE,,INR 0.00,Sales,,true,,,goods,GST18,18.000000,Group,IGST18,18.000000,Simple,1,,,Active,,,INR 0.00,,,,,,,,,,,,Sales,true,false,false,false
1734477000000215406,LED DISPLAY BOARD (3X2) RED,,,FALSE,,INR 0.00,Sales,,true,,,goods,GST18,18.000000,Group,IGST18,18.000000,Simple,1,,,Active,,,INR 0.00,,,,,,,,,,,,Sales,true,false,false,false
1734477000000215415,LED DISPLAY BOARD(2X2) RED,,,FALSE,,INR 0.00,Sales,,true,,,goods,GST18,18.000000,Group,IGST18,18.000000,Simple,1,,,Active,,,INR 0.00,,,,,,,,,,,,Sales,true,false,false,false
1734477000000215424,LED DISPLAY BOARD(4X2) RED,,,FALSE,,INR 0.00,Sales,,true,,,goods,GST18,18.000000,Group,IGST18,18.000000,Simple,1,,,Active,,,INR 0.00,,,,,,,,,,,,Sales,true,false,false,false
1734477000000215433,LED DISPLAY BOARD(6X3) RED,,,FALSE,,INR 0.00,Sales,,true,,,goods,GST18,18.000000,Group,IGST18,18.000000,Simple,1,,,Active,,,INR 0.00,,,,,,,,,,,,Sales,true,false,false,false
1734477000000215442,LED DISPLAY BOARD (10X1) RED,,,FALSE,,INR 0.00,Sales,,true,,,goods,GST18,18.000000,Group,IGST18,18.000000,Simple,1,,,Active,,,INR 0.00,,,,,,,,,,,,Sales,true,false,false,false
1734477000000215451,LED DISPLAY BOARD(2X1) RED,,,FALSE,,INR 0.00,Sales,,true,,,goods,GST18,18.000000,Group,IGST18,18.000000,Simple,1,,,Active,,,INR 0.00,,,,,,,,,,,,Sales,true,false,false,false
1734477000000215460,LED DISPLAY BOARD(3X1) RED,,,FALSE,,INR 0.00,Sales,,true,,,goods,GST18,18.000000,Group,IGST18,18.000000,Simple,1,,,Active,,,INR 0.00,,,,,,,,,,,,Sales,true,false,false,false
1734477000000215479,LED DISPLAY BOARD(4X3) RED,,,FALSE,,INR 0.00,Sales,,true,,,goods,GST18,18.000000,Group,IGST18,18.000000,Simple,1,,,Active,,,INR 0.00,,,,,,,,,,,,Sales,true,false,false,false
1734477000000215488,LED DISPLAY BOARD(6X2) RED,,,FALSE,,INR 0.00,Sales,,true,,,goods,GST18,18.000000,Group,IGST18,18.000000,Simple,1,,,Active,,,INR 0.00,,,,,,,,,,,,Sales,true,false,false,false
1734477000000215497,LED DISPLAY BOARD(8X3) RED,,,FALSE,,INR 0.00,Sales,,true,,,goods,GST18,18.000000,Group,IGST18,18.000000,Simple,1,,,Active,,,INR 0.00,,,,,,,,,,,,Sales,true,false,false,false
1734477000000215506,LED DISPLAY BOARD(10X3) RED,,,FALSE,,INR 0.00,Sales,,true,,,goods,GST18,18.000000,Group,IGST18,18.000000,Simple,1,,,Active,,,INR 0.00,,,,,,,,,,,,Sales,true,false,false,false
1734477000000215515,LED DISPLAY BOARD(12X3) RED,,,FALSE,,INR 0.00,Sales,,true,,,goods,GST18,18.000000,Group,IGST18,18.000000,Simple,1,,,Active,,,INR 0.00,,,,,,,,,,,,Sales,true,false,false,false
1734477000000215524,LED DISPLAY BOARD(4X4) RED,,,FALSE,,INR 0.00,Sales,,true,,,goods,GST18,18.000000,Group,IGST18,18.000000,Simple,1,,,Active,,,INR 0.00,,,,,,,,,,,,Sales,true,false,false,false
1734477000000215533,LED DISPLAY BOARD(6X4) RED,,,FALSE,,INR 0.00,Sales,,true,,,goods,GST18,18.000000,Group,IGST18,18.000000,Simple,1,,,Active,,,INR 0.00,,,,,,,,,,,,Sales,true,false,false,false
1734477000000215542,LED DISPLAY BOARD(8X4) RED,,,FALSE,,INR 0.00,Sales,,true,,,goods,GST18,18.000000,Group,IGST18,18.000000,Simple,1,,,Active,,,INR 0.00,,,,,,,,,,,,Sales,true,false,false,false
1734477000000215551,LED DISPLAY BOARD(10X4) RED,,,FALSE,,INR 0.00,Sales,,true,,,goods,GST18,18.000000,Group,IGST18,18.000000,Simple,1,,,Active,,,INR 0.00,,,,,,,,,,,,Sales,true,false,false,false
1734477000000215560,LED DISPLAY BOARD(12X4) RED,,,FALSE,,INR 0.00,Sales,,true,,,goods,GST18,18.000000,Group,IGST18,18.000000,Simple,1,,,Active,,,INR 0.00,,,,,,,,,,,,Sales,true,false,false,false
1734477000000215579,LED DISPLAY BOARD(8X2) RED,,,FALSE,,INR 0.00,Sales,,true,,,goods,GST18,18.000000,Group,IGST18,18.000000,Simple,1,,,Active,,,INR 0.00,,,,,,,,,,,,Sales,true,false,false,false
1734477000000215588,LED DISPLAY BOARD(10X2) RED,,,FALSE,,INR 0.00,Sales,,true,,,goods,GST18,18.000000,Group,IGST18,18.000000,Simple,1,,,Active,,,INR 0.00,,,,,,,,,,,,Sales,true,false,false,false
1734477000000215597,LED DISPLAY BOARD(12X2) RED,,,FALSE,,INR 0.00,Sales,,true,,,goods,GST18,18.000000,Group,IGST18,18.000000,Simple,1,,,Active,,,INR 0.00,,,,,,,,,,,,Sales,true,false,false,false
1734477000000215606,LED DISPLAY BOARD(14X3) RED,,,FALSE,,INR 0.00,Sales,,true,,,goods,GST18,18.000000,Group,IGST18,18.000000,Simple,1,,,Active,,,INR 0.00,,,,,,,,,,,,Sales,true,false,false,false
1734477000000215615,LED DISPLAY BOARD(16X3) RED,,,FALSE,,INR 0.00,Sales,,true,,,goods,GST18,18.000000,Group,IGST18,18.000000,Simple,1,,,Active,,,INR 0.00,,,,,,,,,,,,Sales,true,false,false,false
1734477000000215624,LED DISPLAY BOARD(18X3) RED,,,FALSE,,INR 0.00,Sales,,true,,,goods,GST18,18.000000,Group,IGST18,18.000000,Simple,1,,,Active,,,INR 0.00,,,,,,,,,,,,Sales,true,false,false,false
1734477000000215633,LED DISPLAY BOARD(20X3) RED,,,FALSE,,INR 0.00,Sales,,true,,,goods,GST18,18.000000,Group,IGST18,18.000000,Simple,1,,,Active,,,INR 0.00,,,,,,,,,,,,Sales,true,false,false,false
1734477000000215642,LED DISPLAY BOARD(24X3) RED,,,FALSE,,INR 0.00,Sales,,true,,,goods,GST18,18.000000,Group,IGST18,18.000000,Simple,1,,,Active,,,INR 0.00,,,,,,,,,,,,Sales,true,false,false,false
1734477000000215651,LED DISPLAY BOARD(6X1) RED,,,FALSE,,INR 0.00,Sales,,true,,,goods,GST18,18.000000,Group,IGST18,18.000000,Simple,1,,,Active,,,INR 0.00,,,,,,,,,,,,Sales,true,false,false,false
1734477000000215660,LED DISPLAY BOARD(8X1) RED,,,FALSE,,INR 0.00,Sales,,true,,,goods,GST18,18.000000,Group,IGST18,18.000000,Simple,1,,,Active,,,INR 0.00,,,,,,,,,,,,Sales,true,false,false,false
1734477000000215679,LED DISPLAY BOARD(10X1) RED,,,FALSE,,INR 0.00,Sales,,true,,,goods,GST18,18.000000,Group,IGST18,18.000000,Simple,1,,,Active,,,INR 0.00,,,,,,,,,,,,Sales,true,false,false,false
1734477000000215688,LED DISPLAY BOARD(12X1) RED,,,FALSE,,INR 0.00,Sales,,true,,,goods,GST18,18.000000,Group,IGST18,18.000000,Simple,1,,,Active,,,INR 0.00,,,,,,,,,,,,Sales,true,false,false,false
1734477000000215697,LED DISPLAY BOARD(14X1) RED,,,FALSE,,INR 0.00,Sales,,true,,,goods,GST18,18.000000,Group,IGST18,18.000000,Simple,1,,,Active,,,INR 0.00,,,,,,,,,,,,Sales,true,false,false,false
1734477000000215706,LED DISPLAY BOARD(16X1) RED,,,FALSE,,INR 0.00,Sales,,true,,,goods,GST18,18.000000,Group,IGST18,18.000000,Simple,1,,,Active,,,INR 0.00,,,,,,,,,,,,Sales,true,false,false,false
1734477000000215715,LED DISPLAY BOARD(18X1) RED,,,FALSE,,INR 0.00,Sales,,true,,,goods,GST18,18.000000,Group,IGST18,18.000000,Simple,1,,,Active,,,INR 0.00,,,,,,,,,,,,Sales,true,false,false,false
1734477000000215724,LED DISPLAY BOARD(20X1) RED,,,FALSE,,INR 0.00,Sales,,true,,,goods,GST18,18.000000,Group,IGST18,18.000000,Simple,1,,,Active,,,INR 0.00,,,,,,,,,,,,Sales,true,false,false,false
1734477000000215733,LED DISPLAY BOARD(24X1) RED,,,FALSE,,INR 0.00,Sales,,true,,,goods,GST18,18.000000,Group,IGST18,18.000000,Simple,1,,,Active,,,INR 0.00,,,,,,,,,,,,Sales,true,false,false,false
1734477000000215742,LED DISPLAY BOARD(30X1) RED,,,FALSE,,INR 0.00,Sales,,true,,,goods,GST18,18.000000,Group,IGST18,18.000000,Simple,1,,,Active,,,INR 0.00,,,,,,,,,,,,Sales,true,false,false,false
1734477000000215751,LED DISPLAY BOARD(36X1) RED,,,FALSE,,INR 0.00,Sales,,true,,,goods,GST18,18.000000,Group,IGST18,18.000000,Simple,1,,,Active,,,INR 0.00,,,,,,,,,,,,Sales,true,false,false,false
1734477000000215760,LED DISPLAY BOARD(40X1) RED,,,FALSE,,INR 0.00,Sales,,true,,,goods,GST18,18.000000,Group,IGST18,18.000000,Simple,1,,,Active,,,INR 0.00,,,,,,,,,,,,Sales,true,false,false,false
1734477000000215779,LED DISPLAY BOARD(48X1) RED,,,FALSE,,INR 0.00,Sales,,true,,,goods,GST18,18.000000,Group,IGST18,18.000000,Simple,1,,,Active,,,INR 0.00,,,,,,,,,,,,Sales,true,false,false,false
1734477000000215788,LED DISPLAY BOARD(60X1) RED,,,FALSE,,INR 0.00,Sales,,true,,,goods,GST18,18.000000,Group,IGST18,18.000000,Simple,1,,,Active,,,INR 0.00,,,,,,,,,,,,Sales,true,false,false,false
1734477000000215797,LED DISPLAY BOARD(72X1) RED,,,FALSE,,INR 0.00,Sales,,true,,,goods,GST18,18.000000,Group,IGST18,18.000000,Simple,1,,,Active,,,INR 0.00,,,,,,,,,,,,Sales,true,false,false,false
1734477000000215806,LED DISPLAY BOARD(80X1) RED,,,FALSE,,INR 0.00,Sales,,true,,,goods,GST18,18.000000,Group,IGST18,18.000000,Simple,1,,,Active,,,INR 0.00,,,,,,,,,,,,Sales,true,false,false,false
1734477000000215815,LED DISPLAY BOARD(96X1) RED,,,FALSE,,INR 0.00,Sales,,true,,,goods,GST18,18.000000,Group,IGST18,18.000000,Simple,1,,,Active,,,INR 0.00,,,,,,,,,,,,Sales,true,false,false,false
1734477000000215824,LED DISPLAY BOARD(120X1) RED,,,FALSE,,INR 0.00,Sales,,true,,,goods,GST18,18.000000,Group,IGST18,18.000000,Simple,1,,,Active,,,INR 0.00,,,,,,,,,,,,Sales,true,false,false,false
1734477000000215833,LED DISPLAY BOARD(5X1) RED,,,FALSE,,INR 0.00,Sales,,true,,,goods,GST18,18.000000,Group,IGST18,18.000000,Simple,1,,,Active,,,INR 0.00,,,,,,,,,,,,Sales,true,false,false,false
1734477000000215842,LED DISPLAY BOARD(4X1) RED,,,FALSE,,INR 0.00,Sales,,true,,,goods,GST18,18.000000,Group,IGST18,18.000000,Simple,1,,,Active,,,INR 0.00,,,,,,,,,,,,Sales,true,false,false,false
1734477000000215851,LED DISPLAY BOARD(3X1) WHITE,,,FALSE,,INR 0.00,Sales,,true,,,goods,GST18,18.000000,Group,IGST18,18.000000,Simple,1,,,Active,,,INR 0.00,,,,,,,,,,,,Sales,true,false,false,false
1734477000000215860,LED DISPLAY BOARD(2X1) WHITE,,,FALSE,,INR 0.00,Sales,,true,,,goods,GST18,18.000000,Group,IGST18,18.000000,Simple,1,,,Active,,,INR 0.00,,,,,,,,,,,,Sales,true,false,false,false
1734477000000215879,LED DISPLAY BOARD(4X1) WHITE,,,FALSE,,INR 0.00,Sales,,true,,,goods,GST18,18.000000,Group,IGST18,18.000000,Simple,1,,,Active,,,INR 0.00,,,,,,,,,,,,Sales,true,false,false,false
1734477000000215888,LED DISPLAY BOARD(5X1) WHITE,,,FALSE,,INR 0.00,Sales,,true,,,goods,GST18,18.000000,Group,IGST18,18.000000,Simple,1,,,Active,,,INR 0.00,,,,,,,,,,,,Sales,true,false,false,false
1734477000000215897,LED DISPLAY BOARD(6X1) WHITE,,,FALSE,,INR 0.00,Sales,,true,,,goods,GST18,18.000000,Group,IGST18,18.000000,Simple,1,,,Active,,,INR 0.00,,,,,,,,,,,,Sales,true,false,false,false
1734477000000215906,LED DISPLAY BOARD(8X1) WHITE,,,FALSE,,INR 0.00,Sales,,true,,,goods,GST18,18.000000,Group,IGST18,18.000000,Simple,1,,,Active,,,INR 0.00,,,,,,,,,,,,Sales,true,false,false,false
1734477000000215915,LED DISPLAY BOARD(10X1) WHITE,,,FALSE,,INR 0.00,Sales,,true,,,goods,GST18,18.000000,Group,IGST18,18.000000,Simple,1,,,Active,,,INR 0.00,,,,,,,,,,,,Sales,true,false,false,false
1734477000000215924,LED DISPLAY BOARD(12X1) WHITE,,,FALSE,,INR 0.00,Sales,,true,,,goods,GST18,18.000000,Group,IGST18,18.000000,Simple,1,,,Active,,,INR 0.00,,,,,,,,,,,,Sales,true,false,false,false
1734477000000215933,LED DISPLAY BOARD(2X2) WHITE,,,FALSE,,INR 0.00,Sales,,true,,,goods,GST18,18.000000,Group,IGST18,18.000000,Simple,1,,,Active,,,INR 0.00,,,,,,,,,,,,Sales,true,false,false,false
1734477000000215942,LED DISPLAY BOARD(3X2) WHITE,,,FALSE,,INR 0.00,Sales,,true,,,goods,GST18,18.000000,Group,IGST18,18.000000,Simple,1,,,Active,,,INR 0.00,,,,,,,,,,,,Sales,true,false,false,false
1734477000000215951,LED DISPLAY BOARD(4X2) WHITE,,,FALSE,,INR 0.00,Sales,,true,,,goods,GST18,18.000000,Group,IGST18,18.000000,Simple,1,,,Active,,,INR 0.00,,,,,,,,,,,,Sales,true,false,false,false
1734477000000215960,LED DISPLAY BOARD(5X2) WHITE,,,FALSE,,INR 0.00,Sales,,true,,,goods,GST18,18.000000,Group,IGST18,18.000000,Simple,1,,,Active,,,INR 0.00,,,,,,,,,,,,Sales,true,false,false,false
1734477000000215979,LED DISPLAY BOARD(6X2) WHITE,,,FALSE,,INR 0.00,Sales,,true,,,goods,GST18,18.000000,Group,IGST18,18.000000,Simple,1,,,Active,,,INR 0.00,,,,,,,,,,,,Sales,true,false,false,false
1734477000000215988,LED DISPLAY BOARD(8X2) WHITE,,,FALSE,,INR 0.00,Sales,,true,,,goods,GST18,18.000000,Group,IGST18,18.000000,Simple,1,,,Active,,,INR 0.00,,,,,,,,,,,,Sales,true,false,false,false
1734477000000215997,LED DISPLAY BOARD(10X2) WHITE,,,FALSE,,INR 0.00,Sales,,true,,,goods,GST18,18.000000,Group,IGST18,18.000000,Simple,1,,,Active,,,INR 0.00,,,,,,,,,,,,Sales,true,false,false,false
1734477000000216006,LED DISPLAY BOARD(12X2) WHITE,,,FALSE,,INR 0.00,Sales,,true,,,goods,GST18,18.000000,Group,IGST18,18.000000,Simple,1,,,Active,,,INR 0.00,,,,,,,,,,,,Sales,true,false,false,false
1734477000000216015,LED DISPLAY BOARD(3X3) WHITE,,,FALSE,,INR 0.00,Sales,,true,,,goods,GST18,18.000000,Group,IGST18,18.000000,Simple,1,,,Active,,,INR 0.00,,,,,,,,,,,,Sales,true,false,false,false
1734477000000216024,LED DISPLAY BOARD(4X3) WHITE,,,FALSE,,INR 0.00,Sales,,true,,,goods,GST18,18.000000,Group,IGST18,18.000000,Simple,1,,,Active,,,INR 0.00,,,,,,,,,,,,Sales,true,false,false,false
1734477000000216033,LED DISPLAY BOARD(5X3) WHITE,,,FALSE,,INR 0.00,Sales,,true,,,goods,GST18,18.000000,Group,IGST18,18.000000,Simple,1,,,Active,,,INR 0.00,,,,,,,,,,,,Sales,true,false,false,false
1734477000000216042,LED DISPLAY BOARD(6X3) WHITE,,,FALSE,,INR 0.00,Sales,,true,,,goods,GST18,18.000000,Group,IGST18,18.000000,Simple,1,,,Active,,,INR 0.00,,,,,,,,,,,,Sales,true,false,false,false
1734477000000216051,LED DISPLAY BOARD(8X3) WHITE,,,FALSE,,INR 0.00,Sales,,true,,,goods,GST18,18.000000,Group,IGST18,18.000000,Simple,1,,,Active,,,INR 0.00,,,,,,,,,,,,Sales,true,false,false,false
1734477000000216060,LED DISPLAY BOARD(10X3) WHITE,,,FALSE,,INR 0.00,Sales,,true,,,goods,GST18,18.000000,Group,IGST18,18.000000,Simple,1,,,Active,,,INR 0.00,,,,,,,,,,,,Sales,true,false,false,false
1734477000000216079,LED DISPLAY BOARD(12X3) WHITE,,,FALSE,,INR 0.00,Sales,,true,,,goods,GST18,18.000000,Group,IGST18,18.000000,Simple,1,,,Active,,,INR 0.00,,,,,,,,,,,,Sales,true,false,false,false
1734477000000216088,LED DISPLAY BOARD(4X4) WHITE,,,FALSE,,INR 0.00,Sales,,true,,,goods,GST18,18.000000,Group,IGST18,18.000000,Simple,1,,,Active,,,INR 0.00,,,,,,,,,,,,Sales,true,false,false,false
1734477000000216097,LED DISPLAY BOARD(5X4) WHITE,,,FALSE,,INR 0.00,Sales,,true,,,goods,GST18,18.000000,Group,IGST18,18.000000,Simple,1,,,Active,,,INR 0.00,,,,,,,,,,,,Sales,true,false,false,false
1734477000000216106,LED DISPLAY BOARD(6X4) WHITE,,,FALSE,,INR 0.00,Sales,,true,,,goods,GST18,18.000000,Group,IGST18,18.000000,Simple,1,,,Active,,,INR 0.00,,,,,,,,,,,,Sales,true,false,false,false
1734477000000216115,LED DISPLAY BOARD(8X4) WHITE,,,FALSE,,INR 0.00,Sales,,true,,,goods,GST18,18.000000,Group,IGST18,18.000000,Simple,1,,,Active,,,INR 0.00,,,,,,,,,,,,Sales,true,false,false,false
1734477000000216124,LED DISPLAY BOARD(10X4) WHITE,,,FALSE,,INR 0.00,Sales,,true,,,goods,GST18,18.000000,Group,IGST18,18.000000,Simple,1,,,Active,,,INR 0.00,,,,,,,,,,,,Sales,true,false,false,false
1734477000000216133,LED DISPLAY BOARD(12X4) WHITE,,,FALSE,,INR 0.00,Sales,,true,,,goods,GST18,18.000000,Group,IGST18,18.000000,Simple,1,,,Active,,,INR 0.00,,,,,,,,,,,,Sales,true,false,false,false
1734477000000216142,LED DISPLAY BOARD(14X3) WHITE,,,FALSE,,INR 0.00,Sales,,true,,,goods,GST18,18.000000,Group,IGST18,18.000000,Simple,1,,,Active,,,INR 0.00,,,,,,,,,,,,Sales,true,false,false,false
1734477000000216151,LED DISPLAY BOARD(16X3) WHITE,,,FALSE,,INR 0.00,Sales,,true,,,goods,GST18,18.000000,Group,IGST18,18.000000,Simple,1,,,Active,,,INR 0.00,,,,,,,,,,,,Sales,true,false,false,false
1734477000000216160,LED DISPLAY BOARD(18X3) WHITE,,,FALSE,,INR 0.00,Sales,,true,,,goods,GST18,18.000000,Group,IGST18,18.000000,Simple,1,,,Active,,,INR 0.00,,,,,,,,,,,,Sales,true,false,false,false
1734477000000216179,LED DISPLAY BOARD(20X3) WHITE,,,FALSE,,INR 0.00,Sales,,true,,,goods,GST18,18.000000,Group,IGST18,18.000000,Simple,1,,,Active,,,INR 0.00,,,,,,,,,,,,Sales,true,false,false,false
1734477000000216188,LED DISPLAY BOARD(24X3) WHITE,,,FALSE,,INR 0.00,Sales,,true,,,goods,GST18,18.000000,Group,IGST18,18.000000,Simple,1,,,Active,,,INR 0.00,,,,,,,,,,,,Sales,true,false,false,false
1734477000000216197,LED DISPLAY BOARD(14X1) WHITE,,,FALSE,,INR 0.00,Sales,,true,,,goods,GST18,18.000000,Group,IGST18,18.000000,Simple,1,,,Active,,,INR 0.00,,,,,,,,,,,,Sales,true,false,false,false
1734477000000216206,LED DISPLAY BOARD(16X1) WHITE,,,FALSE,,INR 0.00,Sales,,true,,,goods,GST18,18.000000,Group,IGST18,18.000000,Simple,1,,,Active,,,INR 0.00,,,,,,,,,,,,Sales,true,false,false,false
1734477000000216215,LED DISPLAY BOARD(18X1) WHITE,,,FALSE,,INR 0.00,Sales,,true,,,goods,GST18,18.000000,Group,IGST18,18.000000,Simple,1,,,Active,,,INR 0.00,,,,,,,,,,,,Sales,true,false,false,false
1734477000000216224,LED DISPLAY BOARD(20X1) WHITE,,,FALSE,,INR 0.00,Sales,,true,,,goods,GST18,18.000000,Group,IGST18,18.000000,Simple,1,,,Active,,,INR 0.00,,,,,,,,,,,,Sales,true,false,false,false
1734477000000216233,LED DISPLAY BOARD(24X1) WHITE,,,FALSE,,INR 0.00,Sales,,true,,,goods,GST18,18.000000,Group,IGST18,18.000000,Simple,1,,,Active,,,INR 0.00,,,,,,,,,,,,Sales,true,false,false,false
1734477000000216242,LED DISPLAY BOARD(30X1) WHITE,,,FALSE,,INR 0.00,Sales,,true,,,goods,GST18,18.000000,Group,IGST18,18.000000,Simple,1,,,Active,,,INR 0.00,,,,,,,,,,,,Sales,true,false,false,false
1734477000000216251,LED DISPLAY BOARD(36X1) WHITE,,,FALSE,,INR 0.00,Sales,,true,,,goods,GST18,18.000000,Group,IGST18,18.000000,Simple,1,,,Active,,,INR 0.00,,,,,,,,,,,,Sales,true,false,false,false
1734477000000216260,LED DISPLAY BOARD(40X1) WHITE,,,FALSE,,INR 0.00,Sales,,true,,,goods,GST18,18.000000,Group,IGST18,18.000000,Simple,1,,,Active,,,INR 0.00,,,,,,,,,,,,Sales,true,false,false,false
1734477000000216279,LED DISPLAY BOARD(48X1) WHITE,,,FALSE,,INR 0.00,Sales,,true,,,goods,GST18,18.000000,Group,IGST18,18.000000,Simple,1,,,Active,,,INR 0.00,,,,,,,,,,,,Sales,true,false,false,false
1734477000000216288,LED DISPLAY BOARD(60X1) WHITE,,,FALSE,,INR 0.00,Sales,,true,,,goods,GST18,18.000000,Group,IGST18,18.000000,Simple,1,,,Active,,,INR 0.00,,,,,,,,,,,,Sales,true,false,false,false
1734477000000216297,LED DISPLAY BOARD(72X1) WHITE,,,FALSE,,INR 0.00,Sales,,true,,,goods,GST18,18.000000,Group,IGST18,18.000000,Simple,1,,,Active,,,INR 0.00,,,,,,,,,,,,Sales,true,false,false,false
1734477000000216306,LED DISPLAY BOARD(80X1) WHITE,,,FALSE,,INR 0.00,Sales,,true,,,goods,GST18,18.000000,Group,IGST18,18.000000,Simple,1,,,Active,,,INR 0.00,,,,,,,,,,,,Sales,true,false,false,false
1734477000000216315,LED DISPLAY BOARD(96X1) WHITE,,,FALSE,,INR 0.00,Sales,,true,,,goods,GST18,18.000000,Group,IGST18,18.000000,Simple,1,,,Active,,,INR 0.00,,,,,,,,,,,,Sales,true,false,false,false
1734477000000216324,LED DISPLAY BOARD(120X1) WHITE,,,FALSE,,INR 0.00,Sales,,true,,,goods,GST18,18.000000,Group,IGST18,18.000000,Simple,1,,,Active,,,INR 0.00,,,,,,,,,,,,Sales,true,false,false,false
1734477000000216333,LED DISPLAY BOARD(2X1) YELLOW,,,FALSE,,INR 0.00,Sales,,true,,,goods,GST18,18.000000,Group,IGST18,18.000000,Simple,1,,,Active,,,INR 0.00,,,,,,,,,,,,Sales,true,false,false,false
1734477000000216342,LED DISPLAY BOARD(3X1) YELLOW,,,FALSE,,INR 0.00,Sales,,true,,,goods,GST18,18.000000,Group,IGST18,18.000000,Simple,1,,,Active,,,INR 0.00,,,,,,,,,,,,Sales,true,false,false,false
1734477000000216351,LED DISPLAY BOARD(4X1) YELLOW,,,FALSE,,INR 0.00,Sales,,true,,,goods,GST18,18.000000,Group,IGST18,18.000000,Simple,1,,,Active,,,INR 0.00,,,,,,,,,,,,Sales,true,false,false,false
1734477000000216360,LED DISPLAY BOARD(5X1) YELLOW,,,FALSE,,INR 0.00,Sales,,true,,,goods,GST18,18.000000,Group,IGST18,18.000000,Simple,1,,,Active,,,INR 0.00,,,,,,,,,,,,Sales,true,false,false,false
1734477000000216379,LED DISPLAY BOARD(6X1) YELLOW,,,FALSE,,INR 0.00,Sales,,true,,,goods,GST18,18.000000,Group,IGST18,18.000000,Simple,1,,,Active,,,INR 0.00,,,,,,,,,,,,Sales,true,false,false,false
1734477000000216388,LED DISPLAY BOARD(8X1) YELLOW,,,FALSE,,INR 0.00,Sales,,true,,,goods,GST18,18.000000,Group,IGST18,18.000000,Simple,1,,,Active,,,INR 0.00,,,,,,,,,,,,Sales,true,false,false,false
1734477000000216397,LED DISPLAY BOARD(10X1) YELLOW,,,FALSE,,INR 0.00,Sales,,true,,,goods,GST18,18.000000,Group,IGST18,18.000000,Simple,1,,,Active,,,INR 0.00,,,,,,,,,,,,Sales,true,false,false,false
1734477000000216406,LED DISPLAY BOARD(12X1) YELLOW,,,FALSE,,INR 0.00,Sales,,true,,,goods,GST18,18.000000,Group,IGST18,18.000000,Simple,1,,,Active,,,INR 0.00,,,,,,,,,,,,Sales,true,false,false,false
1734477000000216415,LED DISPLAY BOARD(2X2) YELLOW,,,FALSE,,INR 0.00,Sales,,true,,,goods,GST18,18.000000,Group,IGST18,18.000000,Simple,1,,,Active,,,INR 0.00,,,,,,,,,,,,Sales,true,false,false,false
1734477000000216424,LED DISPLAY BOARD(3X2) YELLOW,,,FALSE,,INR 0.00,Sales,,true,,,goods,GST18,18.000000,Group,IGST18,18.000000,Simple,1,,,Active,,,INR 0.00,,,,,,,,,,,,Sales,true,false,false,false
1734477000000216433,LED DISPLAY BOARD(4X2) YELLOW,,,FALSE,,INR 0.00,Sales,,true,,,goods,GST18,18.000000,Group,IGST18,18.000000,Simple,1,,,Active,,,INR 0.00,,,,,,,,,,,,Sales,true,false,false,false
1734477000000216442,LED DISPLAY BOARD(5X2) YELLOW,,,FALSE,,INR 0.00,Sales,,true,,,goods,GST18,18.000000,Group,IGST18,18.000000,Simple,1,,,Active,,,INR 0.00,,,,,,,,,,,,Sales,true,false,false,false
1734477000000216451,LED DISPLAY BOARD(6X2) YELLOW,,,FALSE,,INR 0.00,Sales,,true,,,goods,GST18,18.000000,Group,IGST18,18.000000,Simple,1,,,Active,,,INR 0.00,,,,,,,,,,,,Sales,true,false,false,false
1734477000000216460,LED DISPLAY BOARD(8X2) YELLOW,,,FALSE,,INR 0.00,Sales,,true,,,goods,GST18,18.000000,Group,IGST18,18.000000,Simple,1,,,Active,,,INR 0.00,,,,,,,,,,,,Sales,true,false,false,false
1734477000000216479,LED DISPLAY BOARD(10X2) YELLOW,,,FALSE,,INR 0.00,Sales,,true,,,goods,GST18,18.000000,Group,IGST18,18.000000,Simple,1,,,Active,,,INR 0.00,,,,,,,,,,,,Sales,true,false,false,false
1734477000000216488,LED DISPLAY BOARD(12X2) YELLOW,,,FALSE,,INR 0.00,Sales,,true,,,goods,GST18,18.000000,Group,IGST18,18.000000,Simple,1,,,Active,,,INR 0.00,,,,,,,,,,,,Sales,true,false,false,false
1734477000000216497,LED DISPLAY BOARD(3X3) YELLOW,,,FALSE,,INR 0.00,Sales,,true,,,goods,GST18,18.000000,Group,IGST18,18.000000,Simple,1,,,Active,,,INR 0.00,,,,,,,,,,,,Sales,true,false,false,false
1734477000000216506,LED DISPLAY BOARD(4X3) YELLOW,,,FALSE,,INR 0.00,Sales,,true,,,goods,GST18,18.000000,Group,IGST18,18.000000,Simple,1,,,Active,,,INR 0.00,,,,,,,,,,,,Sales,true,false,false,false
1734477000000216515,LED DISPLAY BOARD(5X3) YELLOW,,,FALSE,,INR 0.00,Sales,,true,,,goods,GST18,18.000000,Group,IGST18,18.000000,Simple,1,,,Active,,,INR 0.00,,,,,,,,,,,,Sales,true,false,false,false
1734477000000216524,LED DISPLAY BOARD(6X3) YELLOW,,,FALSE,,INR 0.00,Sales,,true,,,goods,GST18,18.000000,Group,IGST18,18.000000,Simple,1,,,Active,,,INR 0.00,,,,,,,,,,,,Sales,true,false,false,false
1734477000000216533,LED DISPLAY BOARD(8X3) YELLOW,,,FALSE,,INR 0.00,Sales,,true,,,goods,GST18,18.000000,Group,IGST18,18.000000,Simple,1,,,Active,,,INR 0.00,,,,,,,,,,,,Sales,true,false,false,false
1734477000000216542,LED DISPLAY BOARD(10X3) YELLOW,,,FALSE,,INR 0.00,Sales,,true,,,goods,GST18,18.000000,Group,IGST18,18.000000,Simple,1,,,Active,,,INR 0.00,,,,,,,,,,,,Sales,true,false,false,false
1734477000000216551,LED DISPLAY BOARD(12X3) YELLOW,,,FALSE,,INR 0.00,Sales,,true,,,goods,GST18,18.000000,Group,IGST18,18.000000,Simple,1,,,Active,,,INR 0.00,,,,,,,,,,,,Sales,true,false,false,false
1734477000000216560,LED DISPLAY BOARD(4X4) YELLOW,,,FALSE,,INR 0.00,Sales,,true,,,goods,GST18,18.000000,Group,IGST18,18.000000,Simple,1,,,Active,,,INR 0.00,,,,,,,,,,,,Sales,true,false,false,false
1734477000000216579,LED DISPLAY BOARD(5X4) YELLOW,,,FALSE,,INR 0.00,Sales,,true,,,goods,GST18,18.000000,Group,IGST18,18.000000,Simple,1,,,Active,,,INR 0.00,,,,,,,,,,,,Sales,true,false,false,false
1734477000000216588,LED DISPLAY BOARD(6X4) YELLOW,,,FALSE,,INR 0.00,Sales,,true,,,goods,GST18,18.000000,Group,IGST18,18.000000,Simple,1,,,Active,,,INR 0.00,,,,,,,,,,,,Sales,true,false,false,false
1734477000000216597,LED DISPLAY BOARD(8X4) YELLOW,,,FALSE,,INR 0.00,Sales,,true,,,goods,GST18,18.000000,Group,IGST18,18.000000,Simple,1,,,Active,,,INR 0.00,,,,,,,,,,,,Sales,true,false,false,false
1734477000000216606,LED DISPLAY BOARD(10X4) YELLOW,,,FALSE,,INR 0.00,Sales,,true,,,goods,GST18,18.000000,Group,IGST18,18.000000,Simple,1,,,Active,,,INR 0.00,,,,,,,,,,,,Sales,true,false,false,false
1734477000000216615,LED DISPLAY BOARD(12X4) YELLOW,,,FALSE,,INR 0.00,Sales,,true,,,goods,GST18,18.000000,Group,IGST18,18.000000,Simple,1,,,Active,,,INR 0.00,,,,,,,,,,,,Sales,true,false,false,false
